-- phpMyAdmin SQL Dump
-- version 4.7.7
-- https://www.phpmyadmin.net/
--
-- Host: localhost:3306
-- Generation Time: Jan 30, 2019 at 07:40 PM
-- Server version: 5.6.41-84.1
-- PHP Version: 5.6.30

SET SQL_MODE = "NO_AUTO_VALUE_ON_ZERO";
SET AUTOCOMMIT = 0;
START TRANSACTION;
SET time_zone = "+00:00";


/*!40101 SET @OLD_CHARACTER_SET_CLIENT=@@CHARACTER_SET_CLIENT */;
/*!40101 SET @OLD_CHARACTER_SET_RESULTS=@@CHARACTER_SET_RESULTS */;
/*!40101 SET @OLD_COLLATION_CONNECTION=@@COLLATION_CONNECTION */;
/*!40101 SET NAMES utf8mb4 */;

--
-- Database: `kpabalco_betting`
--

-- --------------------------------------------------------

--
-- Table structure for table `admins`
--

CREATE TABLE `admins` (
  `id` int(10) UNSIGNED NOT NULL,
  `name` varchar(191) COLLATE utf8mb4_unicode_ci DEFAULT NULL,
  `username` varchar(191) COLLATE utf8mb4_unicode_ci NOT NULL,
  `email` varchar(191) COLLATE utf8mb4_unicode_ci NOT NULL,
  `mobile` text COLLATE utf8mb4_unicode_ci,
  `image` varchar(191) COLLATE utf8mb4_unicode_ci DEFAULT NULL,
  `status` int(11) NOT NULL DEFAULT '1',
  `login_time` datetime DEFAULT NULL,
  `password` varchar(191) COLLATE utf8mb4_unicode_ci NOT NULL,
  `remember_token` varchar(100) COLLATE utf8mb4_unicode_ci DEFAULT NULL,
  `created_at` timestamp NULL DEFAULT NULL,
  `updated_at` timestamp NULL DEFAULT NULL
) ENGINE=InnoDB DEFAULT CHARSET=utf8mb4 COLLATE=utf8mb4_unicode_ci;

--
-- Dumping data for table `admins`
--

INSERT INTO `admins` (`id`, `name`, `username`, `email`, `mobile`, `image`, `status`, `login_time`, `password`, `remember_token`, `created_at`, `updated_at`) VALUES
(1, 'Jhon Doe', 'admin@mn', 'vilsatech1@gmail.com', '8801825683631', 'admin_1526539271.jpg', 1, '2018-05-04 14:36:07', '$2y$10$NYFQWg04VTyzmdrJGKVA/eGzhMrrQC9J6U95FHnf9i3xFYLWtYfC.', 'gARxq5mwvI22lhusgt4aCCQ0WDmZpJDru7VKxMIZuL3xvM9ZHTMrODcU3Du0', '2018-03-26 06:08:23', '2018-05-17 00:41:11'),
(2, NULL, 'Jamal', 'user1@user.com', '017 000 00 000', NULL, 1, '2018-04-28 03:33:58', '$2y$10$.TXTntjqdgdyudcbaiwQMew/JQCcY88qhLigaJJqJ0yT0UCVY3r/m', 'ELp1rBoMGsKzDSIvp7dtTcnECWv9YCVhAWBLovzBLPRu2sgNCz6WD0QiVwPB', '2018-03-31 00:35:52', '2018-04-27 21:33:58');

-- --------------------------------------------------------

--
-- Table structure for table `admin_password_resets`
--

CREATE TABLE `admin_password_resets` (
  `email` varchar(191) COLLATE utf8mb4_unicode_ci NOT NULL,
  `token` varchar(191) COLLATE utf8mb4_unicode_ci NOT NULL,
  `created_at` timestamp NULL DEFAULT NULL
) ENGINE=InnoDB DEFAULT CHARSET=utf8mb4 COLLATE=utf8mb4_unicode_ci;

-- --------------------------------------------------------

--
-- Table structure for table `ads`
--

CREATE TABLE `ads` (
  `id` int(10) UNSIGNED NOT NULL,
  `type` varchar(191) COLLATE utf8mb4_unicode_ci NOT NULL DEFAULT 'image',
  `size` varchar(191) COLLATE utf8mb4_unicode_ci NOT NULL DEFAULT '1',
  `src` varchar(191) COLLATE utf8mb4_unicode_ci DEFAULT NULL,
  `link` text COLLATE utf8mb4_unicode_ci,
  `script` text COLLATE utf8mb4_unicode_ci,
  `views` int(11) NOT NULL DEFAULT '0',
  `created_at` timestamp NULL DEFAULT NULL,
  `updated_at` timestamp NULL DEFAULT NULL
) ENGINE=InnoDB DEFAULT CHARSET=utf8mb4 COLLATE=utf8mb4_unicode_ci;

-- --------------------------------------------------------

--
-- Table structure for table `basic_settings`
--

CREATE TABLE `basic_settings` (
  `id` int(10) UNSIGNED NOT NULL,
  `sitename` varchar(191) COLLATE utf8mb4_unicode_ci DEFAULT NULL,
  `color` varchar(191) COLLATE utf8mb4_unicode_ci DEFAULT NULL,
  `bg_color` varchar(191) COLLATE utf8mb4_unicode_ci DEFAULT NULL,
  `phone` varchar(191) COLLATE utf8mb4_unicode_ci NOT NULL,
  `email` varchar(191) COLLATE utf8mb4_unicode_ci NOT NULL,
  `address` varchar(191) COLLATE utf8mb4_unicode_ci NOT NULL,
  `currency` varchar(191) COLLATE utf8mb4_unicode_ci NOT NULL,
  `currency_sym` varchar(191) COLLATE utf8mb4_unicode_ci NOT NULL,
  `registration` tinyint(1) NOT NULL DEFAULT '0',
  `email_verification` tinyint(1) NOT NULL DEFAULT '0',
  `sms_verification` tinyint(1) NOT NULL DEFAULT '0',
  `email_notification` tinyint(1) NOT NULL DEFAULT '0',
  `sms_notification` tinyint(4) NOT NULL DEFAULT '0',
  `withdraw_status` tinyint(1) NOT NULL DEFAULT '0',
  `withdraw_charge` double DEFAULT '0',
  `captcha` tinyint(4) NOT NULL DEFAULT '0',
  `decimal` int(2) NOT NULL,
  `adminWallet` varchar(191) COLLATE utf8mb4_unicode_ci DEFAULT NULL,
  `refcom` varchar(100) COLLATE utf8mb4_unicode_ci NOT NULL DEFAULT '0',
  `about` blob NOT NULL,
  `policy` longtext COLLATE utf8mb4_unicode_ci NOT NULL,
  `google_map` text COLLATE utf8mb4_unicode_ci,
  `terms` longtext COLLATE utf8mb4_unicode_ci NOT NULL,
  `copyright` text COLLATE utf8mb4_unicode_ci NOT NULL,
  `fb_comment` text COLLATE utf8mb4_unicode_ci,
  `rate` varchar(191) COLLATE utf8mb4_unicode_ci DEFAULT NULL,
  `created_at` timestamp NULL DEFAULT NULL,
  `updated_at` timestamp NULL DEFAULT NULL
) ENGINE=InnoDB DEFAULT CHARSET=utf8mb4 COLLATE=utf8mb4_unicode_ci;

--
-- Dumping data for table `basic_settings`
--

INSERT INTO `basic_settings` (`id`, `sitename`, `color`, `bg_color`, `phone`, `email`, `address`, `currency`, `currency_sym`, `registration`, `email_verification`, `sms_verification`, `email_notification`, `sms_notification`, `withdraw_status`, `withdraw_charge`, `captcha`, `decimal`, `adminWallet`, `refcom`, `about`, `policy`, `google_map`, `terms`, `copyright`, `fb_comment`, `rate`, `created_at`, `updated_at`) VALUES
(1, 'KPABAL Betting', '0b4f60', '00d0d0', '+91-9784435350', 'support@abc.com', 'Sector# 11, Jaipur, , India', 'USD', '$', 1, 1, 1, 1, 1, 1, 12, 0, 2, '3H4X31j1pHswncoeasRjJt7TKBJLZz6ABE', '10', 0x3c64697620616c69676e3d226a757374696679223e3c70207374796c653d226d617267696e2d626f74746f6d3a20313570783b2070616464696e673a203070783b223e3c666f6e7420636f6c6f723d22233030303030302220666163653d224f70656e2053616e732c20417269616c2c2073616e732d7365726966223e49742069732061206c6f6e672065737461626c6973686564206661637420746861742061207265616465722077696c6c206265206469737472616374656420627920746865207265616461626c6520636f6e74656e74206f6620612070616765207768656e206c6f6f6b696e6720617420697473206c61796f75742e2054686520706f696e74206f66207573696e67204c6f72656d20497073756d2069732074686174206974206861732061206d6f72652d6f722d6c657373206e6f726d616c20646973747269627574696f6e206f66206c6574746572732c206173206f70706f73656420746f207573696e672027436f6e74656e7420686572652c20636f6e74656e742068657265272c206d616b696e67206974206c6f6f6b206c696b65207265616461626c6520456e676c6973682e204d616e79206465736b746f70207075626c697368696e67207061636b6167657320616e6420776562207061676520656469746f7273206e6f7720757365204c6f72656d20497073756d2061732074686569722064656661756c74206d6f64656c20746578742c20616e6420612073656172636820666f7220276c6f72656d20697073756d272077696c6c20756e636f766572206d616e7920776562207369746573207374696c6c20696e20746865697220696e66616e63792e266e6273703b3c2f666f6e743e3c2f703e3c703e3c2f703e3c703e3c2f703e3c70207374796c653d226d617267696e2d626f74746f6d3a20313570783b2070616464696e673a203070783b223e3c666f6e7420636f6c6f723d22233030303030302220666163653d224f70656e2053616e732c20417269616c2c2073616e732d7365726966223e3c7370616e207374796c653d22666f6e742d7765696768743a203730303b223e49742069732061206c6f6e672065737461626c6973686564206661637420746861742061207265616465722077696c6c206265206469737472616374656420627920746865207265616461626c6520636f6e74656e74206f6620612070616765207768656e206c6f6f6b696e6720617420697473206c61796f75742e266e6273703b3c2f7370616e3e54686520706f696e74206f66207573696e67204c6f72656d20497073756d2069732074686174206974206861732061206d6f72652d6f722d6c657373206e6f726d616c20646973747269627574696f6e206f66206c6574746572732c206173206f70706f73656420746f207573696e672027436f6e74656e7420686572652c20636f6e74656e742068657265272c206d616b696e67206974206c6f6f6b206c696b65207265616461626c6520456e676c6973682e204d616e79206465736b746f70207075626c697368696e67207061636b6167657320616e6420776562207061676520656469746f7273206e6f7720757365204c6f72656d20497073756d2061732074686569722064656661756c74206d6f64656c20746578742c20616e6420612073656172636820666f7220276c6f72656d20697073756d272077696c6c20756e636f766572206d616e7920776562207369746573207374696c6c20696e20746865697220696e66616e63792e20566172696f75732076657273696f6e7320686176652065766f6c766564206f766572207468652079656172732c20736f6d6574696d6573206279206163636964656e742c20736f6d6574696d6573206f6e20707572706f73652028696e6a65637465642068756d6f757220616e6420746865206c696b65292e3c2f666f6e743e3c2f703e3c70207374796c653d226d617267696e2d626f74746f6d3a20313570783b2070616464696e673a203070783b223e3c7370616e207374796c653d22666f6e742d7765696768743a203730303b223e3c62723e3c2f7370616e3e3c2f703e3c70207374796c653d226d617267696e2d626f74746f6d3a20313570783b2070616464696e673a203070783b223e3c666f6e7420636f6c6f723d22233030303030302220666163653d224f70656e2053616e732c20417269616c2c2073616e732d7365726966223e3c7370616e207374796c653d22666f6e742d7765696768743a203730303b223e49742069732061206c6f6e672065737461626c6973686564206661637420746861742061207265616465722077696c6c206265206469737472616374656420627920746865207265616461626c6520636f6e74656e74206f6620612070616765207768656e206c6f6f6b696e6720617420697473206c61796f75742e2054686520706f696e74206f66207573696e67204c6f72656d20497073756d2069732074686174206974206861732061206d6f72652d6f722d6c657373206e6f726d616c20646973747269627574696f6e206f66206c6574746572732c206173206f70706f73656420746f207573696e672027436f6e74656e7420686572652c20636f6e74656e742068657265272c206d616b696e67206974206c6f6f6b206c696b65207265616461626c6520456e676c6973682e204d616e79206465736b746f70207075626c697368696e67207061636b6167657320616e6420776562207061676520656469746f7273206e6f7720757365204c6f72656d202e3c2f7370616e3e3c2f666f6e743e3c2f703e3c70207374796c653d226d617267696e2d626f74746f6d3a20313570783b2070616464696e673a203070783b223e3c666f6e7420636f6c6f723d22233030303030302220666163653d224f70656e2053616e732c20417269616c2c2073616e732d7365726966223e3c62723e3c2f666f6e743e3c2f703e3c70207374796c653d226d617267696e2d626f74746f6d3a20313570783b2070616464696e673a203070783b223e3c666f6e7420636f6c6f723d22233030303030302220666163653d224f70656e2053616e732c20417269616c2c2073616e732d7365726966223e49742069732061206c6f6e672065737461626c6973686564206661637420746861742061207265616465722077696c6c206265206469737472616374656420627920746865207265616461626c6520636f6e74656e74206f6620612070616765207768656e206c6f6f6b696e6720617420697473206c61796f75742e2054686520706f696e74206f66207573696e67204c6f72656d20497073756d2069732074686174206974206861732061206d6f72652d6f722d6c657373206e6f726d616c20646973747269627574696f6e206f66206c6574746572732c206173206f70706f73656420746f207573696e672027436f6e74656e7420686572652c20636f6e74656e742068657265272c206d616b696e67206974206c6f6f6b206c696b65207265616461626c6520456e676c6973682e204d616e79206465736b746f70207075626c697368696e67207061636b6167657320616e6420776562207061676520656469746f7273206e6f7720757365204c6f72656d20497073756d2061732074686569722064656661756c74206d6f64656c20746578742c20616e6420612073656172636820666f7220276c6f72656d20697073756d272077696c6c20756e636f766572206d616e7920776562207369746573207374696c6c20696e20746865697220696e66616e63792e20566172696f75732076657273696f6e7320686176652065766f6c766564206f766572207468652079656172732c20736f6d6574696d6573206279206163636964656e742c20736f6d6574696d6573206f6e20707572706f73652028696e6a65637465642068756d6f757220616e6420746865206c696b65292e49742069732061206c6f6e672065737461626c6973686564206661637420746861742061207265616465722077696c6c206265206469737472616374656420627920746865207265616461626c6520636f6e74656e74206f6620612070616765207768656e206c6f6f6b696e6720617420697473206c61796f75742e2054686520706f696e74206f66207573696e67204c6f72656d20497073756d2069732074686174206974206861732061206d6f72652d6f722d6c657373206e6f726d616c20646973747269627574696f6e206f66206c6574746572732c206173206f70706f73656420746f207573696e672027436f6e74656e7420686572652c20636f6e74656e742068657265272c206d616b696e67206974206c6f6f6b206c696b65207265616461626c6520456e676c6973682e204d616e79206465736b746f70207075626c697368696e67207061636b6167657320616e6420776562207061676520656469746f7273206e6f7720757365204c6f72656d20497073756d2061732074686569722064656661756c74206d6f64656c20746578742c20616e6420612073656172636820666f7220276c6f72656d20697073756d272077696c6c20756e636f766572206d616e7920776562207369746573207374696c6c20696e20746865697220696e66616e63792e20566172696f75732076657273696f6e7320686176652065766f6c766564206f766572207468652079656172732c20736f6d6574696d6573206279206163636964656e742c20736f6d6574696d6573206f6e20707572706f73652028696e6a65637465642068756d6f757220616e6420746865206c696b65292e3c2f666f6e743e3c2f703e3c6469763e3c666f6e7420636f6c6f723d22233030303030302220666163653d224f70656e2053616e732c20417269616c2c2073616e732d7365726966223e3c62723e3c2f666f6e743e3c2f6469763e3c2f6469763e, '', NULL, '', 'Copyright © 2018  Betting- All Right Reserved.', '<div id=\"fb-root\"></div>\r\n<script>\r\n    (function(d, s, id) {\r\n        var js, fjs = d.getElementsByTagName(s)[0];\r\n        if (d.getElementById(id)) return;\r\n        js = d.createElement(s); js.id = id;\r\n        js.src = \'https://connect.facebook.net/en_US/sdk.js#xfbml=1&version=v2.12&appId=205856110142667&autoLogAppEvents=1\';\r\n        fjs.parentNode.insertBefore(js, fjs);\r\n    }(document, \'script\', \'facebook-jssdk\'));\r\n</script>', '123', NULL, '2018-04-26 04:03:19');

-- --------------------------------------------------------

--
-- Table structure for table `bet_invests`
--

CREATE TABLE `bet_invests` (
  `id` int(10) UNSIGNED NOT NULL,
  `user_id` int(11) NOT NULL,
  `betoption_id` int(11) NOT NULL,
  `match_id` int(11) DEFAULT NULL,
  `invest_amount` varchar(191) COLLATE utf8mb4_unicode_ci DEFAULT '0',
  `return_amount` varchar(191) COLLATE utf8mb4_unicode_ci NOT NULL DEFAULT '0',
  `status` tinyint(4) NOT NULL DEFAULT '0',
  `created_at` timestamp NULL DEFAULT NULL,
  `updated_at` timestamp NULL DEFAULT NULL
) ENGINE=InnoDB DEFAULT CHARSET=utf8mb4 COLLATE=utf8mb4_unicode_ci;

--
-- Dumping data for table `bet_invests`
--

INSERT INTO `bet_invests` (`id`, `user_id`, `betoption_id`, `match_id`, `invest_amount`, `return_amount`, `status`, `created_at`, `updated_at`) VALUES
(1, 1, 13, 2, '2', '6.00', 0, '2018-07-29 12:22:33', '2018-07-29 12:22:33');

-- --------------------------------------------------------

--
-- Table structure for table `bet_options`
--

CREATE TABLE `bet_options` (
  `id` int(10) UNSIGNED NOT NULL,
  `match_id` int(11) NOT NULL,
  `question_id` int(11) NOT NULL,
  `option_name` text COLLATE utf8mb4_unicode_ci,
  `invest_amount` varchar(11) COLLATE utf8mb4_unicode_ci DEFAULT '0.001',
  `return_amount` varchar(11) COLLATE utf8mb4_unicode_ci DEFAULT '0.001',
  `min_amo` varchar(191) COLLATE utf8mb4_unicode_ci DEFAULT '0.001',
  `ratio1` text COLLATE utf8mb4_unicode_ci,
  `ratio2` text COLLATE utf8mb4_unicode_ci,
  `status` tinyint(4) NOT NULL DEFAULT '1',
  `created_at` timestamp NULL DEFAULT NULL,
  `updated_at` timestamp NULL DEFAULT NULL
) ENGINE=InnoDB DEFAULT CHARSET=utf8mb4 COLLATE=utf8mb4_unicode_ci;

--
-- Dumping data for table `bet_options`
--

INSERT INTO `bet_options` (`id`, `match_id`, `question_id`, `option_name`, `invest_amount`, `return_amount`, `min_amo`, `ratio1`, `ratio2`, `status`, `created_at`, `updated_at`) VALUES
(1, 1, 1, 'Switzerland', '0.001', '0.001', '2', '1', '2', 1, '2018-06-02 14:10:30', '2018-06-02 14:10:30'),
(2, 1, 1, 'Brazil', '0.001', '0.001', '2', '1', '3', 1, '2018-06-02 14:10:30', '2018-06-02 14:10:30'),
(3, 1, 1, 'Draw', '0.001', '0.001', '3', '2', '3', 1, '2018-06-02 14:10:30', '2018-06-02 14:10:30'),
(4, 5, 5, 'Belgium', '0.001', '0.001', '1', '1', '2', 1, '2018-06-02 14:11:23', '2018-06-02 14:11:23'),
(5, 5, 5, 'England', '0.001', '0.001', '2', '1', '3', 1, '2018-06-02 14:11:23', '2018-06-02 14:11:23'),
(6, 5, 5, 'Draw', '0.001', '0.001', '1.6', '2', '3', 1, '2018-06-02 14:11:23', '2018-06-02 14:11:23'),
(7, 4, 4, 'Germany', '0.001', '0.001', '2', '2', '3', 1, '2018-06-02 14:12:09', '2018-06-02 14:12:09'),
(8, 4, 4, 'Sweden', '0.001', '0.001', '3', '2', '3', 1, '2018-06-02 14:12:10', '2018-06-02 14:12:10'),
(9, 4, 4, 'Draw', '0.001', '0.001', '1.6', '1', '3', 1, '2018-06-02 14:12:10', '2018-06-02 14:12:10'),
(10, 3, 3, 'Argentina', '0.001', '0.001', '2', '1', '3', 1, '2018-06-02 14:13:12', '2018-06-02 14:13:12'),
(11, 3, 3, 'Croatia', '0.001', '0.001', '1', '1', '2', 1, '2018-06-02 14:13:12', '2018-06-02 14:13:12'),
(12, 2, 2, 'France', '0.001', '0.001', '1.6', '1', '3', 1, '2018-06-02 14:13:51', '2018-06-02 14:13:51'),
(13, 2, 2, 'Peru', '0.001', '0.001', '1.8', '1', '3', 1, '2018-06-02 14:13:51', '2018-06-02 14:13:51'),
(14, 6, 6, 'South Africa', '0.001', '0.001', '2', '1', '3', 1, '2018-06-02 14:18:42', '2018-06-02 14:18:42'),
(15, 6, 6, 'West Indies', '0.001', '0.001', '1.6', '1', '2', 1, '2018-06-02 14:18:42', '2018-06-02 14:18:42'),
(16, 7, 7, 'Australia', '0.001', '0.001', '1', '1', '3', 1, '2018-06-02 14:19:18', '2018-06-02 14:19:18'),
(17, 7, 7, 'Zimbabwe', '0.001', '0.001', '1.6', '2', '3', 1, '2018-06-02 14:19:18', '2018-06-02 14:19:18'),
(18, 8, 8, 'Bangladesh', '0.001', '0.001', '2', '1', '3', 1, '2018-06-02 14:19:56', '2018-06-02 14:19:56'),
(19, 8, 8, 'West Indies', '0.001', '0.001', '3', '1', '3', 1, '2018-06-02 14:19:56', '2018-06-02 14:19:56'),
(20, 9, 9, 'Australia', '0.001', '0.001', '3', '2', '3', 1, '2018-06-02 14:20:33', '2018-06-02 14:20:33'),
(21, 9, 9, 'England', '0.001', '0.001', '1.8', '2', '3', 1, '2018-06-02 14:20:33', '2018-06-02 14:20:33'),
(22, 10, 13, 'Real Madrid', '0.001', '0.001', '1.3', '2', '3', 1, '2018-06-02 14:33:59', '2018-06-02 14:33:59'),
(23, 10, 13, 'Liverpool', '0.001', '0.001', '2.6', '2', '3', 1, '2018-06-02 14:34:00', '2018-06-02 14:34:00'),
(24, 11, 12, 'Barcelona', '0.001', '0.001', '2', '1', '3', 1, '2018-06-02 14:34:40', '2018-06-02 14:34:40'),
(25, 11, 12, 'Real Madrid', '0.001', '0.001', '2', '1', '2', 1, '2018-06-02 14:34:40', '2018-06-02 14:34:40'),
(26, 12, 11, 'Arsenal', '0.001', '0.001', '2', '1', '3', 1, '2018-06-02 14:35:18', '2018-06-02 14:35:18'),
(27, 12, 11, 'Menchester City', '0.001', '0.001', '3', '1', '2', 1, '2018-06-02 14:35:18', '2018-06-02 14:35:18'),
(28, 13, 10, 'Arsenal', '0.001', '0.001', '3', '1', '2', 1, '2018-06-02 14:35:52', '2018-06-02 14:35:52'),
(29, 13, 10, 'Burnley', '0.001', '0.001', '2.5', '1', '3', 1, '2018-06-02 14:35:52', '2018-06-02 14:35:52'),
(30, 17, 14, 'MI', '0.001', '0.001', '2', '2', '3', 1, '2018-06-02 14:45:55', '2018-06-02 14:45:55'),
(31, 17, 14, 'CSK', '0.001', '0.001', '1.6', '1', '2', 1, '2018-06-02 14:45:55', '2018-06-02 14:45:55'),
(32, 14, 17, 'SRH', '0.001', '0.001', '2', '1.5', '4', 1, '2018-06-02 14:47:01', '2018-06-02 14:47:01'),
(33, 14, 17, 'CSK', '0.001', '0.001', '1', '2', '3', 1, '2018-06-02 14:47:01', '2018-06-02 14:47:01'),
(34, 15, 16, 'KXIP', '0.001', '0.001', '2', '1', '3', 1, '2018-06-02 14:47:42', '2018-06-02 14:47:42'),
(35, 15, 16, 'DD', '0.001', '0.001', '3', '1', '3', 1, '2018-06-02 14:47:42', '2018-06-02 14:47:42'),
(36, 16, 15, 'RR', '0.001', '0.001', '3', '1', '2', 1, '2018-06-02 14:48:09', '2018-06-02 14:48:09'),
(37, 16, 15, 'KXIP', '0.001', '0.001', '1', '1', '3', 1, '2018-06-02 14:48:10', '2018-06-02 14:48:10'),
(38, 18, 18, 'Barcelona', '0.001', '0.001', '2', '2', '3', 1, '2018-06-02 14:54:57', '2018-06-02 14:54:57'),
(39, 18, 18, 'Real Madrid', '0.001', '0.001', '1.6', '1', '3', 1, '2018-06-02 14:54:57', '2018-06-02 14:54:57'),
(40, 19, 19, 'Deportivo', '0.001', '0.001', '3', '1', '3', 1, '2018-06-02 14:55:33', '2018-06-02 14:55:33'),
(41, 19, 19, 'Real Madrid', '0.001', '0.001', '2', '1', '2', 1, '2018-06-02 14:55:33', '2018-06-02 14:55:33'),
(42, 20, 20, 'Bercalona', '0.001', '0.001', '3', '2', '3', 1, '2018-06-02 14:56:20', '2018-06-02 14:56:20'),
(43, 20, 20, 'Deportivo Alaves', '0.001', '0.001', '2', '2', '3', 1, '2018-06-02 14:56:20', '2018-06-02 14:56:20');

-- --------------------------------------------------------

--
-- Table structure for table `bet_questions`
--

CREATE TABLE `bet_questions` (
  `id` int(10) UNSIGNED NOT NULL,
  `match_id` int(11) DEFAULT NULL,
  `question` varchar(191) COLLATE utf8mb4_unicode_ci DEFAULT NULL,
  `status` tinyint(4) NOT NULL DEFAULT '1',
  `result` tinyint(4) NOT NULL DEFAULT '0',
  `end_time` datetime DEFAULT NULL,
  `created_at` timestamp NULL DEFAULT NULL,
  `updated_at` timestamp NULL DEFAULT NULL
) ENGINE=InnoDB DEFAULT CHARSET=utf8mb4 COLLATE=utf8mb4_unicode_ci;

--
-- Dumping data for table `bet_questions`
--

INSERT INTO `bet_questions` (`id`, `match_id`, `question`, `status`, `result`, `end_time`, `created_at`, `updated_at`) VALUES
(1, 1, 'Who Will be Won??', 1, 0, '2019-06-02 20:08:30', '2018-06-02 14:08:43', '2018-06-02 14:08:43'),
(2, 2, 'Who Will be Won??', 1, 0, '2019-06-02 20:08:50', '2018-06-02 14:08:54', '2018-06-02 14:08:54'),
(3, 3, 'Who Will be Won??', 1, 0, '2019-06-02 20:09:01', '2018-06-02 14:09:06', '2018-06-02 14:09:06'),
(4, 4, 'Who Will be Won??', 1, 0, '2019-06-02 20:09:12', '2018-06-02 14:09:16', '2018-06-02 14:09:16'),
(5, 5, 'Who Will be Won??', 1, 0, '2019-06-02 20:09:22', '2018-06-02 14:09:29', '2018-06-02 14:09:29'),
(6, 6, 'Who Will be Won??', 2, 0, '2019-01-01 20:14:28', '2018-06-02 14:14:48', '2019-01-11 13:39:14'),
(7, 7, 'Who Will be Won??', 2, 0, '2019-01-02 20:14:55', '2018-06-02 14:15:19', '2019-01-11 13:39:14'),
(8, 8, 'Who Will be Won??', 1, 0, '2019-03-02 20:16:16', '2018-06-02 14:16:35', '2018-06-02 14:16:35'),
(9, 9, 'Who Will be Won??', 1, 0, '2019-03-02 20:17:34', '2018-06-02 14:17:44', '2018-06-02 14:17:44'),
(10, 13, 'Who Will be Won??', 1, 0, '2020-06-20 20:31:55', '2018-06-02 14:32:02', '2018-06-02 14:32:02'),
(11, 12, 'Who Will be Won??', 1, 0, '2020-06-02 20:32:10', '2018-06-02 14:32:17', '2018-06-02 14:32:17'),
(12, 11, 'Who Will be Won??', 1, 0, '2020-06-02 20:32:26', '2018-06-02 14:32:31', '2018-06-02 14:32:31'),
(13, 10, 'Who Will be Won??', 1, 0, '2019-03-02 20:33:03', '2018-06-02 14:33:14', '2018-06-02 14:33:14'),
(14, 17, 'Who Will be Won??', 1, 0, '2019-06-04 20:44:13', '2018-06-02 14:44:20', '2018-06-02 14:44:20'),
(15, 16, 'Who Will be Won??', 1, 0, '2019-06-04 19:44:29', '2018-06-02 14:44:37', '2018-06-02 14:44:37'),
(16, 15, 'Who Will be Won??', 1, 0, '2019-06-04 19:44:44', '2018-06-02 14:44:57', '2018-06-02 14:44:57'),
(17, 14, 'Who Will be Won??', 1, 0, '2019-06-04 20:45:07', '2018-06-02 14:45:15', '2018-06-02 14:45:15'),
(18, 18, 'Who Will be Won??', 1, 0, '2019-06-03 20:53:25', '2018-06-02 14:53:30', '2018-06-02 14:53:30'),
(19, 19, 'Who Will be Won??', 1, 0, '2019-06-03 20:53:35', '2018-06-02 14:53:43', '2018-06-02 14:53:43'),
(20, 20, 'Who Will be Won??', 1, 0, '2019-06-03 20:53:46', '2018-06-02 14:53:50', '2018-06-02 14:53:50');

-- --------------------------------------------------------

--
-- Table structure for table `deposits`
--

CREATE TABLE `deposits` (
  `id` int(10) UNSIGNED NOT NULL,
  `user_id` int(11) DEFAULT NULL,
  `gateway_id` int(11) DEFAULT NULL,
  `amount` varchar(191) COLLATE utf8mb4_unicode_ci DEFAULT NULL,
  `charge` varchar(191) COLLATE utf8mb4_unicode_ci DEFAULT NULL,
  `usd_amo` varchar(191) COLLATE utf8mb4_unicode_ci DEFAULT NULL,
  `btc_amo` varchar(191) COLLATE utf8mb4_unicode_ci DEFAULT NULL,
  `btc_wallet` varchar(191) COLLATE utf8mb4_unicode_ci DEFAULT NULL,
  `trx` varchar(191) COLLATE utf8mb4_unicode_ci DEFAULT NULL,
  `status` int(11) NOT NULL DEFAULT '0',
  `try` int(11) NOT NULL DEFAULT '0',
  `created_at` timestamp NULL DEFAULT NULL,
  `updated_at` timestamp NULL DEFAULT NULL
) ENGINE=InnoDB DEFAULT CHARSET=utf8mb4 COLLATE=utf8mb4_unicode_ci;

--
-- Dumping data for table `deposits`
--

INSERT INTO `deposits` (`id`, `user_id`, `gateway_id`, `amount`, `charge`, `usd_amo`, `btc_amo`, `btc_wallet`, `trx`, `status`, `try`, `created_at`, `updated_at`) VALUES
(1, 6, 103, '100', '6', '1.33', '0', '', 'hhEyiybN7FBml0Cv', 1, 0, '2018-07-29 14:06:18', '2018-07-29 14:06:37'),
(2, 6, 103, '5050', '154.5', '65.06', '0', '', '0lfKxkV2GXY4FDog', 1, 0, '2018-07-29 14:08:58', '2018-07-29 14:09:18'),
(3, 1, 103, '200', '9', '2.61', '0', '', '6eXqGxoOYjWNrKEf', 1, 0, '2018-07-29 14:12:21', '2018-07-29 14:12:42'),
(4, 6, 103, '100', '6', '1.33', '0', '', 'SvSVJnB5wYEdsJrg', 1, 0, '2018-07-29 14:13:02', '2018-07-29 14:13:20');

-- --------------------------------------------------------

--
-- Table structure for table `etemplates`
--

CREATE TABLE `etemplates` (
  `id` int(10) UNSIGNED NOT NULL,
  `esender` varchar(191) COLLATE utf8mb4_unicode_ci NOT NULL,
  `mobile` varchar(191) COLLATE utf8mb4_unicode_ci DEFAULT NULL,
  `emessage` text COLLATE utf8mb4_unicode_ci NOT NULL,
  `smsapi` text COLLATE utf8mb4_unicode_ci NOT NULL,
  `created_at` timestamp NULL DEFAULT NULL,
  `updated_at` timestamp NULL DEFAULT NULL
) ENGINE=InnoDB DEFAULT CHARSET=utf8mb4 COLLATE=utf8mb4_unicode_ci;

--
-- Dumping data for table `etemplates`
--

INSERT INTO `etemplates` (`id`, `esender`, `mobile`, `emessage`, `smsapi`, `created_at`, `updated_at`) VALUES
(1, 'support@abc.com', '+01234567890', '<br><div class=\"wrapper\" style=\"background-color: #f2f2f2;\"><table id=\"emb-email-header-container\" class=\"header\" style=\"border-collapse: collapse; table-layout: fixed; margin-left: auto; margin-right: auto;\" align=\"center\"><tbody><tr><td style=\"padding: 0; width: 600px;\"><br><div class=\"header__logo emb-logo-margin-box\" style=\"font-size: 26px; line-height: 32px; color: #c3ced9; font-family: Roboto,Tahoma,sans-serif; margin: 6px 20px 20px 20px;\"><img style=\"height: auto; width: 100%; border: 0; max-width: 312px;\" src=\"http://wow-offer.online/betting/assets/images/logo/logo.png\" alt=\"\" width=\"312\" height=\"44\" align=\"none\"><br></div></td></tr></tbody></table><br><table class=\"layout layout--no-gutter\" style=\"border-collapse: collapse; table-layout: fixed; margin-left: auto; margin-right: auto; overflow-wrap: break-word; word-wrap: break-word; word-break: break-word; background-color: #ffffff;\" align=\"center\"><tbody><tr><td class=\"column\" style=\"padding: 0; text-align: left; vertical-align: top; color: #60666d; font-size: 14px; line-height: 21px; font-family: sans-serif; width: 600px;\"><br><div style=\"margin-left: 20px; margin-right: 20px;\"><font size=\"4\">Hi {{name}},<br></font><p><strong>{{message}}</strong></p></div><div style=\"margin-left: 20px; margin-right: 20px; margin-bottom: 24px;\"><br><p class=\"size-14\" style=\"margin-top: 0; margin-bottom: 0; font-size: 14px; line-height: 21px;\">Thanks,<br><strong>Betting TEAM</strong></p><br></div><br></td></tr></tbody></table><br></div>', 'https://api.infobip.com/api/v3/sendsms/plain?user=****&password=****&sender=BETLAR&SMSText={{message}}&GSM={{number}}&type=longSMS', '2018-01-09 23:45:09', '2018-12-13 05:40:45');

-- --------------------------------------------------------

--
-- Table structure for table `events`
--

CREATE TABLE `events` (
  `id` int(10) UNSIGNED NOT NULL,
  `name` varchar(191) COLLATE utf8mb4_unicode_ci DEFAULT NULL,
  `slug` varchar(191) COLLATE utf8mb4_unicode_ci DEFAULT NULL,
  `status` tinyint(4) NOT NULL DEFAULT '0',
  `created_at` timestamp NULL DEFAULT NULL,
  `updated_at` timestamp NULL DEFAULT NULL
) ENGINE=InnoDB DEFAULT CHARSET=utf8mb4 COLLATE=utf8mb4_unicode_ci;

--
-- Dumping data for table `events`
--

INSERT INTO `events` (`id`, `name`, `slug`, `status`, `created_at`, `updated_at`) VALUES
(1, 'FIFA World Cup 2018', 'fifa-world-cup-2018', 1, '2018-06-02 13:46:35', '2018-06-02 13:46:35'),
(2, 'T20 World Cup', 't20-world-cup', 1, '2018-06-02 13:47:09', '2018-06-02 13:47:09'),
(3, 'IPL', 'ipl', 1, '2018-06-02 13:47:35', '2018-06-02 13:47:35'),
(4, 'LA LiGA', 'la-liga', 1, '2018-06-02 13:48:02', '2018-06-02 13:48:02'),
(5, 'El Clasico 2018', 'el-clasico-2018', 1, '2018-06-02 13:50:00', '2018-06-02 13:50:00');

-- --------------------------------------------------------

--
-- Table structure for table `faqs`
--

CREATE TABLE `faqs` (
  `id` int(10) UNSIGNED NOT NULL,
  `title` varchar(191) COLLATE utf8mb4_unicode_ci NOT NULL,
  `description` blob NOT NULL,
  `created_at` timestamp NULL DEFAULT NULL,
  `updated_at` timestamp NULL DEFAULT NULL
) ENGINE=InnoDB DEFAULT CHARSET=utf8mb4 COLLATE=utf8mb4_unicode_ci;

--
-- Dumping data for table `faqs`
--

INSERT INTO `faqs` (`id`, `title`, `description`, `created_at`, `updated_at`) VALUES
(1, 'WELCOME TO BETLAR', 0x3c70207374796c653d226d617267696e2d626f74746f6d3a20313570783b2070616464696e673a203070783b20746578742d616c69676e3a206a7573746966793b20636f6c6f723a2072676228302c20302c2030293b20666f6e742d66616d696c793a202671756f743b4f70656e2053616e732671756f743b2c20417269616c2c2073616e732d73657269663b223e49742069732061206c6f6e672065737461626c6973686564206661637420746861742061207265616465722077696c6c206265206469737472616374656420627920746865207265616461626c6520636f6e74656e74206f6620612070616765207768656e206c6f6f6b696e6720617420697473206c61796f75742e2054686520706f696e74206f66207573696e67204c6f72656d20497073756d2069732074686174206974206861732061206d6f72652d6f722d6c657373206e6f726d616c20646973747269627574696f6e206f66206c6574746572732c206173206f70706f73656420746f207573696e672027436f6e74656e7420686572652c20636f6e74656e742068657265272c206d616b696e67206974206c6f6f6b206c696b65207265616461626c6520456e676c6973682e204d616e79206465736b746f70207075626c697368696e67207061636b6167657320616e6420776562207061676520656469746f7273206e6f7720757365204c6f72656d20497073756d2061732074686569722064656661756c74206d6f64656c20746578742c20616e6420612073656172636820666f7220276c6f72656d20697073756d272077696c6c20756e636f766572206d616e7920776562207369746573207374696c6c20696e20746865697220696e66616e63792e20566172696f75732076657273696f6e7320686176652065766f6c766564206f766572207468652079656172732c20736f6d6574696d6573206279206163636964656e742c20736f6d6574696d6573206f6e20707572706f73652028696e6a65637465642068756d6f757220616e6420746865206c696b65292e3c2f703e3c6469763e3c62723e3c2f6469763e, '2018-04-15 02:14:58', '2018-07-29 10:42:48'),
(2, 'BUILD YOUR DREAM WEBSITE WITH', 0x3c70207374796c653d226d617267696e2d626f74746f6d3a20313570783b2070616464696e673a203070783b20746578742d616c69676e3a206a7573746966793b20636f6c6f723a2072676228302c20302c2030293b20666f6e742d66616d696c793a202671756f743b4f70656e2053616e732671756f743b2c20417269616c2c2073616e732d73657269663b223e49742069732061206c6f6e672065737461626c6973686564206661637420746861742061207265616465722077696c6c206265206469737472616374656420627920746865207265616461626c6520636f6e74656e74206f6620612070616765207768656e206c6f6f6b696e6720617420697473206c61796f75742e2054686520706f696e74206f66207573696e67204c6f72656d20497073756d2069732074686174206974206861732061206d6f72652d6f722d6c657373206e6f726d616c20646973747269627574696f6e206f66206c6574746572732c206173206f70706f73656420746f207573696e672027436f6e74656e7420686572652c20636f6e74656e742068657265272c206d616b696e67206974206c6f6f6b206c696b65207265616461626c6520456e676c6973682e204d616e79206465736b746f70207075626c697368696e67207061636b6167657320616e6420776562207061676520656469746f7273206e6f7720757365204c6f72656d20497073756d2061732074686569722064656661756c74206d6f64656c20746578742c20616e6420612073656172636820666f7220276c6f72656d20697073756d272077696c6c20756e636f766572206d616e7920776562207369746573207374696c6c20696e20746865697220696e66616e63792e20566172696f75732076657273696f6e7320686176652065766f6c766564206f766572207468652079656172732c20736f6d6574696d6573206279206163636964656e742c20736f6d6574696d6573206f6e20707572706f73652028696e6a65637465642068756d6f757220616e6420746865206c696b65292e3c2f703e3c6469763e3c62723e3c2f6469763e, '2018-04-15 02:15:11', '2018-07-29 10:42:41'),
(3, 'Why do we use it?', 0x3c70207374796c653d226d617267696e2d626f74746f6d3a20313570783b2070616464696e673a203070783b20746578742d616c69676e3a206a7573746966793b20636f6c6f723a2072676228302c20302c2030293b20666f6e742d66616d696c793a202671756f743b4f70656e2053616e732671756f743b2c20417269616c2c2073616e732d73657269663b223e49742069732061206c6f6e672065737461626c6973686564206661637420746861742061207265616465722077696c6c206265206469737472616374656420627920746865207265616461626c6520636f6e74656e74206f6620612070616765207768656e206c6f6f6b696e6720617420697473206c61796f75742e2054686520706f696e74206f66207573696e67204c6f72656d20497073756d2069732074686174206974206861732061206d6f72652d6f722d6c657373206e6f726d616c20646973747269627574696f6e206f66206c6574746572732c206173206f70706f73656420746f207573696e672027436f6e74656e7420686572652c20636f6e74656e742068657265272c206d616b696e67206974206c6f6f6b206c696b65207265616461626c6520456e676c6973682e204d616e79206465736b746f70207075626c697368696e67207061636b6167657320616e6420776562207061676520656469746f7273206e6f7720757365204c6f72656d20497073756d2061732074686569722064656661756c74206d6f64656c20746578742c20616e6420612073656172636820666f7220276c6f72656d20697073756d272077696c6c20756e636f766572206d616e7920776562207369746573207374696c6c20696e20746865697220696e66616e63792e20566172696f75732076657273696f6e7320686176652065766f6c766564206f766572207468652079656172732c20736f6d6574696d6573206279206163636964656e742c20736f6d6574696d6573206f6e20707572706f73652028696e6a65637465642068756d6f757220616e6420746865206c696b65292e3c2f703e3c6469763e3c62723e3c2f6469763e, '2018-05-22 22:36:44', '2018-07-29 10:42:33'),
(4, 'WHY THIS PLATFORM ?', 0x3c70207374796c653d226d617267696e2d626f74746f6d3a20313570783b2070616464696e673a203070783b20746578742d616c69676e3a206a7573746966793b20636f6c6f723a2072676228302c20302c2030293b20666f6e742d66616d696c793a202671756f743b4f70656e2053616e732671756f743b2c20417269616c2c2073616e732d73657269663b223e49742069732061206c6f6e672065737461626c6973686564206661637420746861742061207265616465722077696c6c206265206469737472616374656420627920746865207265616461626c6520636f6e74656e74206f6620612070616765207768656e206c6f6f6b696e6720617420697473206c61796f75742e2054686520706f696e74206f66207573696e67204c6f72656d20497073756d2069732074686174206974206861732061206d6f72652d6f722d6c657373206e6f726d616c20646973747269627574696f6e206f66206c6574746572732c206173206f70706f73656420746f207573696e672027436f6e74656e7420686572652c20636f6e74656e742068657265272c206d616b696e67206974206c6f6f6b206c696b65207265616461626c6520456e676c6973682e204d616e79206465736b746f70207075626c697368696e67207061636b6167657320616e6420776562207061676520656469746f7273206e6f7720757365204c6f72656d20497073756d2061732074686569722064656661756c74206d6f64656c20746578742c20616e6420612073656172636820666f7220276c6f72656d20697073756d272077696c6c20756e636f766572206d616e7920776562207369746573207374696c6c20696e20746865697220696e66616e63792e20566172696f75732076657273696f6e7320686176652065766f6c766564206f766572207468652079656172732c20736f6d6574696d6573206279206163636964656e742c20736f6d6574696d6573206f6e20707572706f73652028696e6a65637465642068756d6f757220616e6420746865206c696b65292e3c2f703e3c6469763e3c62723e3c2f6469763e, '2018-06-03 18:00:39', '2018-07-29 10:42:26'),
(5, 'HOW IT WORKS?', 0x3c70207374796c653d226d617267696e2d626f74746f6d3a20313570783b2070616464696e673a203070783b20746578742d616c69676e3a206a7573746966793b20636f6c6f723a2072676228302c20302c2030293b20666f6e742d66616d696c793a202671756f743b4f70656e2053616e732671756f743b2c20417269616c2c2073616e732d73657269663b223e49742069732061206c6f6e672065737461626c6973686564206661637420746861742061207265616465722077696c6c206265206469737472616374656420627920746865207265616461626c6520636f6e74656e74206f6620612070616765207768656e206c6f6f6b696e6720617420697473206c61796f75742e2054686520706f696e74206f66207573696e67204c6f72656d20497073756d2069732074686174206974206861732061206d6f72652d6f722d6c657373206e6f726d616c20646973747269627574696f6e206f66206c6574746572732c206173206f70706f73656420746f207573696e672027436f6e74656e7420686572652c20636f6e74656e742068657265272c206d616b696e67206974206c6f6f6b206c696b65207265616461626c6520456e676c6973682e204d616e79206465736b746f70207075626c697368696e67207061636b6167657320616e6420776562207061676520656469746f7273206e6f7720757365204c6f72656d20497073756d2061732074686569722064656661756c74206d6f64656c20746578742c20616e6420612073656172636820666f7220276c6f72656d20697073756d272077696c6c20756e636f766572206d616e7920776562207369746573207374696c6c20696e20746865697220696e66616e63792e20566172696f75732076657273696f6e7320686176652065766f6c766564206f766572207468652079656172732c20736f6d6574696d6573206279206163636964656e742c20736f6d6574696d6573206f6e20707572706f73652028696e6a65637465642068756d6f757220616e6420746865206c696b65292e3c2f703e3c6469763e3c62723e3c2f6469763e, '2018-06-03 18:00:53', '2018-07-29 10:42:16'),
(6, 'HOW TO PLAY', 0x3c70207374796c653d226d617267696e2d626f74746f6d3a20313570783b2070616464696e673a203070783b20746578742d616c69676e3a206a7573746966793b20636f6c6f723a2072676228302c20302c2030293b20666f6e742d66616d696c793a202671756f743b4f70656e2053616e732671756f743b2c20417269616c2c2073616e732d73657269663b223e49742069732061206c6f6e672065737461626c6973686564206661637420746861742061207265616465722077696c6c206265206469737472616374656420627920746865207265616461626c6520636f6e74656e74206f6620612070616765207768656e206c6f6f6b696e6720617420697473206c61796f75742e2054686520706f696e74206f66207573696e67204c6f72656d20497073756d2069732074686174206974206861732061206d6f72652d6f722d6c657373206e6f726d616c20646973747269627574696f6e206f66206c6574746572732c206173206f70706f73656420746f207573696e672027436f6e74656e7420686572652c20636f6e74656e742068657265272c206d616b696e67206974206c6f6f6b206c696b65207265616461626c6520456e676c6973682e204d616e79206465736b746f70207075626c697368696e67207061636b6167657320616e6420776562207061676520656469746f7273206e6f7720757365204c6f72656d20497073756d2061732074686569722064656661756c74206d6f64656c20746578742c20616e6420612073656172636820666f7220276c6f72656d20697073756d272077696c6c20756e636f766572206d616e7920776562207369746573207374696c6c20696e20746865697220696e66616e63792e20566172696f75732076657273696f6e7320686176652065766f6c766564206f766572207468652079656172732c20736f6d6574696d6573206279206163636964656e742c20736f6d6574696d6573206f6e20707572706f73652028696e6a65637465642068756d6f757220616e6420746865206c696b65292e3c2f703e3c6469763e3c62723e3c2f6469763e3c6469763e3c62723e3c2f6469763e, '2018-06-03 18:01:06', '2018-07-29 10:42:09'),
(7, 'How To Deposit?', 0x3c70207374796c653d226d617267696e2d626f74746f6d3a20313570783b2070616464696e673a203070783b20746578742d616c69676e3a206a7573746966793b20636f6c6f723a2072676228302c20302c2030293b20666f6e742d66616d696c793a202671756f743b4f70656e2053616e732671756f743b2c20417269616c2c2073616e732d73657269663b223e49742069732061206c6f6e672065737461626c6973686564206661637420746861742061207265616465722077696c6c206265206469737472616374656420627920746865207265616461626c6520636f6e74656e74206f6620612070616765207768656e206c6f6f6b696e6720617420697473206c61796f75742e2054686520706f696e74206f66207573696e67204c6f72656d20497073756d2069732074686174206974206861732061206d6f72652d6f722d6c657373206e6f726d616c20646973747269627574696f6e206f66206c6574746572732c206173206f70706f73656420746f207573696e672027436f6e74656e7420686572652c20636f6e74656e742068657265272c206d616b696e67206974206c6f6f6b206c696b65207265616461626c6520456e676c6973682e204d616e79206465736b746f70207075626c697368696e67207061636b6167657320616e6420776562207061676520656469746f7273206e6f7720757365204c6f72656d20497073756d2061732074686569722064656661756c74206d6f64656c20746578742c20616e6420612073656172636820666f7220276c6f72656d20697073756d272077696c6c20756e636f766572206d616e7920776562207369746573207374696c6c20696e20746865697220696e66616e63792e20566172696f75732076657273696f6e7320686176652065766f6c766564206f766572207468652079656172732c20736f6d6574696d6573206279206163636964656e742c20736f6d6574696d6573206f6e20707572706f73652028696e6a65637465642068756d6f757220616e6420746865206c696b65292e3c2f703e3c6469763e3c62723e3c2f6469763e, '2018-06-03 18:01:17', '2018-07-29 10:41:40');

-- --------------------------------------------------------

--
-- Table structure for table `gateways`
--

CREATE TABLE `gateways` (
  `id` int(10) UNSIGNED NOT NULL,
  `main_name` varchar(191) COLLATE utf8mb4_unicode_ci DEFAULT NULL,
  `name` varchar(191) COLLATE utf8mb4_unicode_ci NOT NULL,
  `minamo` varchar(191) COLLATE utf8mb4_unicode_ci DEFAULT NULL,
  `maxamo` varchar(191) COLLATE utf8mb4_unicode_ci DEFAULT NULL,
  `fixed_charge` varchar(191) COLLATE utf8mb4_unicode_ci DEFAULT NULL,
  `percent_charge` varchar(191) COLLATE utf8mb4_unicode_ci DEFAULT NULL,
  `rate` varchar(191) COLLATE utf8mb4_unicode_ci DEFAULT NULL,
  `val1` varchar(191) COLLATE utf8mb4_unicode_ci DEFAULT NULL,
  `val2` varchar(191) COLLATE utf8mb4_unicode_ci DEFAULT NULL,
  `status` int(11) DEFAULT NULL,
  `created_at` timestamp NULL DEFAULT NULL,
  `updated_at` timestamp NULL DEFAULT NULL
) ENGINE=InnoDB DEFAULT CHARSET=utf8mb4 COLLATE=utf8mb4_unicode_ci;

--
-- Dumping data for table `gateways`
--

INSERT INTO `gateways` (`id`, `main_name`, `name`, `minamo`, `maxamo`, `fixed_charge`, `percent_charge`, `rate`, `val1`, `val2`, `status`, `created_at`, `updated_at`) VALUES
(101, 'PayPal', 'PayPal', '5', '1000', '0.511', '2.52', '80', 'rexrifat636@gmail.com', NULL, 1, NULL, '2018-05-31 07:56:40'),
(102, 'PerfectMoney', 'Perfect Money', '20', '20000', '2', '1', '80', 'U5376900', 'G079qn4Q7XATZBqyoCkBteGRg', 1, NULL, '2018-05-20 11:58:59'),
(103, 'Stripe', 'Credit Card', '10', '50000', '3', '3', '80', 'sk_test_aat3tzBCCXXBkS4sxY3M8A1B', 'pk_test_AU3G7doZ1sbdpJLj0NaozPBu', 1, NULL, '2018-05-27 18:11:50'),
(104, 'Skrill', 'Skrill', '10', '50000', '3', '3', '80', 'merchant@gmail.com', 'TheSoftKing', 1, NULL, '2018-05-20 12:01:09'),
(501, 'Blockchain.info', 'BitCoin', '1', '20000', '1', '0.5', '80', '3965f52f-ec19-43af-90ed-d613dc60657eSSS', 'xpub6DREmHywjNizvs9b4hhNekcjFjvL4rshJjnrHHgtLNCSbhhx5jKFRgqdmXAecLAddEPudDZY4xoDbV1NVHSCeDp1S7NumPCNNjbxB7sGasY0000', 1, NULL, '2018-05-21 01:20:29'),
(502, 'block.io - BTC', 'BitCoin', '1', '99999', '1', '0.5', '80', '1658-8015-2e5e-9afb', '09876softk', 1, '2018-01-27 18:00:00', '2018-05-31 09:12:55'),
(503, 'block.io - LTC', 'LiteCoin', '100', '10000', '0.4', '1', '80', 'cb91-a5bc-69d7-1c27', '09876softk', 1, NULL, '2018-05-31 09:27:34'),
(504, 'block.io - DOGE', 'DogeCoin', '1', '50000', '0.51', '2.52', '80', '2daf-d165-2135-5951', '09876softk', 1, NULL, '2018-05-31 09:28:54'),
(505, 'CoinPayment - BTC', 'BitCoin', '1', '50000', '0.51', '2.52', '80', '596f0097ed9d1ab8cfed05eb59c70e9f066513dfe4df64a8fc3917d309328315', '7472928395208f70E3cE30B9e10dc882cBDD3e9967b7942AaE492106d9C7bE44', 1, NULL, '2018-05-31 09:38:33'),
(506, 'CoinPayment - ETH', 'Etherium', '1', '50000', '0.51', '2.52', '80', '596f0097ed9d1ab8cfed05eb59c70e9f066513dfe4df64a8fc3917d309328315', '7472928395208f70E3cE30B9e10dc882cBDD3e9967b7942AaE492106d9C7bE44', 1, NULL, '2018-05-31 09:39:04'),
(507, 'CoinPayment - BCH', 'Bitcoin Cash', '1', '50000', '0.51', '2.52', '80', '596f0097ed9d1ab8cfed05eb59c70e9f066513dfe4df64a8fc3917d309328315', '7472928395208f70E3cE30B9e10dc882cBDD3e9967b7942AaE492106d9C7bE44', 1, NULL, '2018-05-31 09:39:04'),
(508, 'CoinPayment - DASH', 'DASH', '1', '50000', '0.51', '2.52', '80', '596f0097ed9d1ab8cfed05eb59c70e9f066513dfe4df64a8fc3917d309328315', '7472928395208f70E3cE30B9e10dc882cBDD3e9967b7942AaE492106d9C7bE44', 1, NULL, '2018-05-31 09:39:04'),
(509, 'CoinPayment - DOGE', 'DOGE', '1', '50000', '0.51', '2.52', '80', '596f0097ed9d1ab8cfed05eb59c70e9f066513dfe4df64a8fc3917d309328315', '7472928395208f70E3cE30B9e10dc882cBDD3e9967b7942AaE492106d9C7bE44', 1, NULL, '2018-05-31 09:39:04'),
(510, 'CoinPayment - LTC', 'LTC', '1', '50000', '0.51', '2.52', '80', '596f0097ed9d1ab8cfed05eb59c70e9f066513dfe4df64a8fc3917d309328315', '7472928395208f70E3cE30B9e10dc882cBDD3e9967b7942AaE492106d9C7bE44', 1, NULL, '2018-05-31 09:39:04'),
(512, 'CoinGate', 'CoinGate', '10', '1000', '5', '5', '80', 'Ba1VgPx6d437xLXGKCBkmwVCEw5kHzRJ6thbGo-N', NULL, 1, NULL, NULL),
(513, 'CoinPayment-ALL', 'Coin Payment', '10', '1000', '05', '5', '80', 'db1d9f12444e65c921604e289a281c56', NULL, 1, NULL, '2018-05-21 01:20:54');

-- --------------------------------------------------------

--
-- Table structure for table `matches`
--

CREATE TABLE `matches` (
  `id` int(10) UNSIGNED NOT NULL,
  `event_id` int(11) NOT NULL,
  `name` varchar(191) COLLATE utf8mb4_unicode_ci NOT NULL,
  `slug` varchar(191) COLLATE utf8mb4_unicode_ci DEFAULT NULL,
  `src` varchar(191) COLLATE utf8mb4_unicode_ci DEFAULT NULL,
  `start_date` datetime DEFAULT NULL,
  `end_date` datetime NOT NULL DEFAULT '0000-00-00 00:00:00',
  `status` tinyint(4) NOT NULL DEFAULT '0',
  `created_at` timestamp NULL DEFAULT NULL,
  `updated_at` timestamp NULL DEFAULT NULL
) ENGINE=InnoDB DEFAULT CHARSET=utf8mb4 COLLATE=utf8mb4_unicode_ci;

--
-- Dumping data for table `matches`
--

INSERT INTO `matches` (`id`, `event_id`, `name`, `slug`, `src`, `start_date`, `end_date`, `status`, `created_at`, `updated_at`) VALUES
(1, 1, 'Brazil vs	Switzerland', 'brazil-vsswitzerland', '<iframe width=\"560\" height=\"315\" src=\"https://www.youtube.com/embed/yx09UsrM2Dw\" frameborder=\"0\" allow=\"autoplay; encrypted-media\" allowfullscreen></iframe>', '2018-06-02 19:53:00', '2020-06-02 19:53:00', 1, '2018-06-02 13:53:50', '2018-06-02 13:53:50'),
(2, 1, 'France Vs Peru', 'france-vs-peru', '<iframe width=\"560\" height=\"315\" src=\"https://www.youtube.com/embed/ghYwR_aC4qg\" frameborder=\"0\" allow=\"autoplay; encrypted-media\" allowfullscreen></iframe>', '2018-06-02 19:53:00', '2020-06-02 19:53:00', 1, '2018-06-02 13:54:52', '2018-06-02 13:54:52'),
(3, 1, 'Argentina Vs Croatia', 'argentina-vs-croatia', '<iframe width=\"560\" height=\"315\" src=\"https://www.youtube.com/embed/5tOA79nppoY\" frameborder=\"0\" allow=\"autoplay; encrypted-media\" allowfullscreen></iframe>', '2018-06-02 19:53:00', '2021-06-02 19:53:00', 1, '2018-06-02 13:57:31', '2018-06-02 13:57:31'),
(4, 1, 'Germany vs	Sweden', 'germany-vssweden', '<iframe width=\"560\" height=\"315\" src=\"https://www.youtube.com/embed/E8HKL22PIkQ\" frameborder=\"0\" allow=\"autoplay; encrypted-media\" allowfullscreen></iframe>', '2018-06-02 19:53:00', '2021-06-02 19:53:00', 1, '2018-06-02 13:58:41', '2018-06-02 13:58:41'),
(5, 1, 'England	vs Belgium', 'englandvs-belgium', '<iframe width=\"560\" height=\"315\" src=\"https://www.youtube.com/embed/OMkVSSFLGiU\" frameborder=\"0\" allow=\"autoplay; encrypted-media\" allowfullscreen></iframe>', '2018-06-02 19:53:00', '2021-06-02 19:53:00', 1, '2018-06-02 14:00:45', '2018-06-02 14:00:45'),
(6, 2, 'South Africa vs West Indies', 'south-africa-vs-west-indies', '<iframe width=\"560\" height=\"315\" src=\"https://www.youtube.com/embed/CnSBj2TtW3E\" frameborder=\"0\" allow=\"autoplay; encrypted-media\" allowfullscreen></iframe>', '2019-06-02 19:53:00', '2019-06-02 19:53:00', 1, '2018-06-02 14:03:53', '2018-06-02 14:03:53'),
(7, 2, 'Australia vs Zimbabwe', 'australia-vs-zimbabwe', '<iframe width=\"560\" height=\"315\" src=\"https://www.youtube.com/embed/VM6NTYKM3a8\" frameborder=\"0\" allow=\"autoplay; encrypted-media\" allowfullscreen></iframe>', '2019-06-02 19:53:00', '2019-06-02 19:53:00', 1, '2018-06-02 14:05:11', '2018-06-02 14:05:11'),
(8, 2, 'Bangladesh vs West Indies', 'bangladesh-vs-west-indies', '<iframe width=\"560\" height=\"315\" src=\"https://www.youtube.com/embed/3pkb9-aNc9M\" frameborder=\"0\" allow=\"autoplay; encrypted-media\" allowfullscreen></iframe>', '2019-06-02 19:53:00', '2019-06-02 19:53:00', 1, '2018-06-02 14:06:23', '2018-06-02 14:06:23'),
(9, 2, 'Australia Vs England', 'australia-vs-england', '<iframe width=\"560\" height=\"315\" src=\"https://www.youtube.com/embed/7w9hIg2BRR4\" frameborder=\"0\" allow=\"autoplay; encrypted-media\" allowfullscreen></iframe>', '2019-06-02 19:53:00', '2019-06-02 19:53:00', 1, '2018-06-02 14:07:23', '2018-06-02 14:07:23'),
(10, 5, 'Real Madrid VS Liverpool', 'real-madrid-vs-liverpool', '<iframe width=\"560\" height=\"315\" src=\"https://www.youtube.com/embed/TFNVtGXKAxw\" frameborder=\"0\" allow=\"autoplay; encrypted-media\" allowfullscreen></iframe>', '2018-06-02 20:23:00', '2019-06-02 20:24:00', 1, '2018-06-02 14:24:16', '2018-06-02 14:24:16'),
(11, 5, 'Barcelona vs Real Madrid', 'barcelona-vs-real-madrid', '<iframe width=\"560\" height=\"315\" src=\"https://www.youtube.com/embed/TFNVtGXKAxw\" frameborder=\"0\" allow=\"autoplay; encrypted-media\" allowfullscreen></iframe>', '2018-06-02 20:23:00', '2021-06-02 20:24:00', 1, '2018-06-02 14:25:23', '2018-06-02 14:25:23'),
(12, 5, 'Arsenal Vs Menchester City', 'arsenal-vs-menchester-city', '<iframe width=\"560\" height=\"315\" src=\"https://www.youtube.com/embed/TFNVtGXKAxw\" frameborder=\"0\" allow=\"autoplay; encrypted-media\" allowfullscreen></iframe>', '2018-06-02 20:23:00', '2021-06-02 20:24:00', 1, '2018-06-02 14:29:03', '2018-06-02 14:29:03'),
(13, 5, 'Burnley Vs Arsenal', 'burnley-vs-arsenal', '<iframe width=\"560\" height=\"315\" src=\"https://www.youtube.com/embed/TFNVtGXKAxw\" frameborder=\"0\" allow=\"autoplay; encrypted-media\" allowfullscreen></iframe>', '2018-06-02 20:23:00', '2021-06-02 20:24:00', 1, '2018-06-02 14:30:29', '2018-06-02 14:30:29'),
(14, 3, 'Sunrisers Hyderabad VS Chennai Super Kings', 'sunrisers-hyderabad-vs-chennai-super-kings', '<iframe width=\"560\" height=\"315\" src=\"https://www.youtube.com/embed/G-bbJZUS2Qw\" frameborder=\"0\" allow=\"autoplay; encrypted-media\" allowfullscreen></iframe>', '2018-06-02 21:03:05', '2019-06-05 20:39:00', 1, '2018-06-02 14:40:00', '2018-06-02 14:40:00'),
(15, 3, 'Delhi Daredevils VS Kings XI Punjab', 'delhi-daredevils-vs-kings-xi-punjab', '<iframe width=\"560\" height=\"315\" src=\"https://www.youtube.com/embed/UQj7WEkrDs0\" frameborder=\"0\" allow=\"autoplay; encrypted-media\" allowfullscreen></iframe>', '2018-06-02 21:02:57', '2019-06-05 20:39:00', 1, '2018-06-02 14:41:09', '2018-06-02 14:41:09'),
(16, 3, 'Rajasthan Royals VS Kings XI Punjab', 'rajasthan-royals-vs-kings-xi-punjab', '<iframe width=\"560\" height=\"315\" src=\"https://www.youtube.com/embed/LYfqLDvkr9w\" frameborder=\"0\" allow=\"autoplay; encrypted-media\" allowfullscreen></iframe>', '2018-06-02 21:02:52', '2019-06-05 20:39:00', 1, '2018-06-02 14:42:23', '2018-06-02 14:42:23'),
(17, 3, 'Mumbai Indians vs Chennai Super Kings', 'mumbai-indians-vs-chennai-super-kings', '<iframe width=\"560\" height=\"315\" src=\"https://www.youtube.com/embed/oMRlIO3ICRU\" frameborder=\"0\" allow=\"autoplay; encrypted-media\" allowfullscreen></iframe>', '2018-06-02 21:02:47', '2019-06-05 20:39:00', 1, '2018-06-02 14:43:37', '2018-06-02 14:43:37'),
(18, 4, 'Barcelona Vs Real Madrid', 'barcelona-vs-real-madrid', '<iframe width=\"560\" height=\"315\" src=\"https://www.youtube.com/embed/yxDL1EuEnng\" frameborder=\"0\" allow=\"autoplay; encrypted-media\" allowfullscreen></iframe>', '2018-06-02 21:02:40', '2019-06-04 20:50:00', 1, '2018-06-02 14:50:50', '2018-06-02 14:50:50'),
(19, 4, 'Deportivo vs Real Madrid', 'deportivo-vs-real-madrid', '<iframe width=\"560\" height=\"315\" src=\"https://www.youtube.com/embed/yxDL1EuEnng\" frameborder=\"0\" allow=\"autoplay; encrypted-media\" allowfullscreen></iframe>', '2018-06-02 21:02:36', '2019-06-04 20:50:00', 1, '2018-06-02 14:51:26', '2018-06-02 14:51:26'),
(20, 4, 'Bercalona vs Deportivo Alaves', 'bercalona-vs-deportivo-alaves', '<iframe width=\"560\" height=\"315\" src=\"https://www.youtube.com/embed/yxDL1EuEnng\" frameborder=\"0\" allow=\"autoplay; encrypted-media\" allowfullscreen></iframe>', '2018-06-02 21:02:31', '2019-06-04 20:50:00', 1, '2018-06-02 14:52:20', '2018-06-02 14:52:20');

-- --------------------------------------------------------

--
-- Table structure for table `menus`
--

CREATE TABLE `menus` (
  `id` int(11) NOT NULL,
  `name` varchar(191) DEFAULT NULL,
  `slug` varchar(191) DEFAULT NULL,
  `description` blob NOT NULL,
  `created_at` timestamp NULL DEFAULT NULL,
  `updated_at` timestamp NULL DEFAULT NULL
) ENGINE=InnoDB DEFAULT CHARSET=latin1;

--
-- Dumping data for table `menus`
--

INSERT INTO `menus` (`id`, `name`, `slug`, `description`, `created_at`, `updated_at`) VALUES
(1, 'EXTRA MENU', 'extra-menu', 0x3c64697620616c69676e3d226a757374696679223e3c64697620616c69676e3d226a757374696679223e3c70207374796c653d226d617267696e2d626f74746f6d3a20313570783b2070616464696e673a203070783b223e3c666f6e7420636f6c6f723d22233030303030302220666163653d224f70656e2053616e732c20417269616c2c2073616e732d7365726966223e49742069732061206c6f6e672065737461626c6973686564206661637420746861742061207265616465722077696c6c206265206469737472616374656420627920746865207265616461626c6520636f6e74656e74206f6620612070616765207768656e206c6f6f6b696e6720617420697473206c61796f75742e2054686520706f696e74206f66207573696e67204c6f72656d20497073756d2069732074686174206974206861732061206d6f72652d6f722d6c657373206e6f726d616c20646973747269627574696f6e206f66206c6574746572732c206173206f70706f73656420746f207573696e672027436f6e74656e7420686572652c20636f6e74656e742068657265272c206d616b696e67206974206c6f6f6b206c696b65207265616461626c6520456e676c6973682e204d616e79206465736b746f70207075626c697368696e67207061636b6167657320616e6420776562207061676520656469746f7273206e6f7720757365204c6f72656d20497073756d2061732074686569722064656661756c74206d6f64656c20746578742c20616e6420612073656172636820666f7220276c6f72656d20697073756d272077696c6c20756e636f766572206d616e7920776562207369746573207374696c6c20696e20746865697220696e66616e63792e266e6273703b3c2f666f6e743e3c2f703e3c703e3c2f703e3c703e3c2f703e3c70207374796c653d226d617267696e2d626f74746f6d3a20313570783b2070616464696e673a203070783b223e3c666f6e7420636f6c6f723d22233030303030302220666163653d224f70656e2053616e732c20417269616c2c2073616e732d7365726966223e3c623e49742069732061206c6f6e672065737461626c6973686564206661637420746861742061207265616465722077696c6c206265206469737472616374656420627920746865207265616461626c6520636f6e74656e74206f6620612070616765207768656e206c6f6f6b696e6720617420697473206c61796f75742e203c2f623e54686520706f696e74206f66207573696e67204c6f72656d20497073756d2069732074686174206974206861732061206d6f72652d6f722d6c657373206e6f726d616c20646973747269627574696f6e206f66206c6574746572732c206173206f70706f73656420746f207573696e672027436f6e74656e7420686572652c20636f6e74656e742068657265272c206d616b696e67206974206c6f6f6b206c696b65207265616461626c6520456e676c6973682e204d616e79206465736b746f70207075626c697368696e67207061636b6167657320616e6420776562207061676520656469746f7273206e6f7720757365204c6f72656d20497073756d2061732074686569722064656661756c74206d6f64656c20746578742c20616e6420612073656172636820666f7220276c6f72656d20697073756d272077696c6c20756e636f766572206d616e7920776562207369746573207374696c6c20696e20746865697220696e66616e63792e20566172696f75732076657273696f6e7320686176652065766f6c766564206f766572207468652079656172732c20736f6d6574696d6573206279206163636964656e742c20736f6d6574696d6573206f6e20707572706f73652028696e6a65637465642068756d6f757220616e6420746865206c696b65292e3c2f666f6e743e3c2f703e3c70207374796c653d226d617267696e2d626f74746f6d3a20313570783b2070616464696e673a203070783b223e3c623e3c62723e3c2f623e3c2f703e3c70207374796c653d226d617267696e2d626f74746f6d3a20313570783b2070616464696e673a203070783b223e3c666f6e7420636f6c6f723d22233030303030302220666163653d224f70656e2053616e732c20417269616c2c2073616e732d7365726966223e3c623e49742069732061206c6f6e672065737461626c6973686564206661637420746861742061207265616465722077696c6c206265206469737472616374656420627920746865207265616461626c6520636f6e74656e74206f6620612070616765207768656e206c6f6f6b696e6720617420697473206c61796f75742e2054686520706f696e74206f66207573696e67204c6f72656d20497073756d2069732074686174206974206861732061206d6f72652d6f722d6c657373206e6f726d616c20646973747269627574696f6e206f66206c6574746572732c206173206f70706f73656420746f207573696e672027436f6e74656e7420686572652c20636f6e74656e742068657265272c206d616b696e67206974206c6f6f6b206c696b65207265616461626c6520456e676c6973682e204d616e79206465736b746f70207075626c697368696e67207061636b6167657320616e6420776562207061676520656469746f7273206e6f7720757365204c6f72656d202e3c2f623e3c2f666f6e743e3c2f703e3c70207374796c653d226d617267696e2d626f74746f6d3a20313570783b2070616464696e673a203070783b223e3c666f6e7420636f6c6f723d22233030303030302220666163653d224f70656e2053616e732c20417269616c2c2073616e732d7365726966223e3c62723e3c2f666f6e743e3c2f703e3c70207374796c653d226d617267696e2d626f74746f6d3a20313570783b2070616464696e673a203070783b223e3c666f6e7420636f6c6f723d22233030303030302220666163653d224f70656e2053616e732c20417269616c2c2073616e732d7365726966223e49742069732061206c6f6e672065737461626c6973686564206661637420746861742061207265616465722077696c6c206265206469737472616374656420627920746865207265616461626c6520636f6e74656e74206f6620612070616765207768656e206c6f6f6b696e6720617420697473206c61796f75742e2054686520706f696e74206f66207573696e67204c6f72656d20497073756d2069732074686174206974206861732061206d6f72652d6f722d6c657373206e6f726d616c20646973747269627574696f6e206f66206c6574746572732c206173206f70706f73656420746f207573696e672027436f6e74656e7420686572652c20636f6e74656e742068657265272c206d616b696e67206974206c6f6f6b206c696b65207265616461626c6520456e676c6973682e204d616e79206465736b746f70207075626c697368696e67207061636b6167657320616e6420776562207061676520656469746f7273206e6f7720757365204c6f72656d20497073756d2061732074686569722064656661756c74206d6f64656c20746578742c20616e6420612073656172636820666f7220276c6f72656d20697073756d272077696c6c20756e636f766572206d616e7920776562207369746573207374696c6c20696e20746865697220696e66616e63792e20566172696f75732076657273696f6e7320686176652065766f6c766564206f766572207468652079656172732c20736f6d6574696d6573206279206163636964656e742c20736f6d6574696d6573206f6e20707572706f73652028696e6a65637465642068756d6f757220616e6420746865206c696b65292e49742069732061206c6f6e672065737461626c6973686564206661637420746861742061207265616465722077696c6c206265206469737472616374656420627920746865207265616461626c6520636f6e74656e74206f6620612070616765207768656e206c6f6f6b696e6720617420697473206c61796f75742e2054686520706f696e74206f66207573696e67204c6f72656d20497073756d2069732074686174206974206861732061206d6f72652d6f722d6c657373206e6f726d616c20646973747269627574696f6e206f66206c6574746572732c206173206f70706f73656420746f207573696e672027436f6e74656e7420686572652c20636f6e74656e742068657265272c206d616b696e67206974206c6f6f6b206c696b65207265616461626c6520456e676c6973682e204d616e79206465736b746f70207075626c697368696e67207061636b6167657320616e6420776562207061676520656469746f7273206e6f7720757365204c6f72656d20497073756d2061732074686569722064656661756c74206d6f64656c20746578742c20616e6420612073656172636820666f7220276c6f72656d20697073756d272077696c6c20756e636f766572206d616e7920776562207369746573207374696c6c20696e20746865697220696e66616e63792e20566172696f75732076657273696f6e7320686176652065766f6c766564206f766572207468652079656172732c20736f6d6574696d6573206279206163636964656e742c20736f6d6574696d6573206f6e20707572706f73652028696e6a65637465642068756d6f757220616e6420746865206c696b65292e3c2f666f6e743e3c2f703e3c70207374796c653d226d617267696e2d626f74746f6d3a20313570783b2070616464696e673a203070783b223e3c666f6e7420636f6c6f723d22233030303030302220666163653d224f70656e2053616e732c20417269616c2c2073616e732d7365726966223e3c62723e3c2f666f6e743e3c2f703e3c70207374796c653d226d617267696e2d626f74746f6d3a20313570783b2070616464696e673a203070783b20636f6c6f723a2072676228302c20302c2030293b20666f6e742d66616d696c793a202671756f743b4f70656e2053616e732671756f743b2c20417269616c2c2073616e732d73657269663b223e3c62723e3c2f703e3c2f6469763e3c2f6469763e, '2018-05-04 08:26:57', '2018-07-29 10:13:03');

-- --------------------------------------------------------

--
-- Table structure for table `migrations`
--

CREATE TABLE `migrations` (
  `id` int(10) UNSIGNED NOT NULL,
  `migration` varchar(191) COLLATE utf8mb4_unicode_ci NOT NULL,
  `batch` int(11) NOT NULL
) ENGINE=InnoDB DEFAULT CHARSET=utf8mb4 COLLATE=utf8mb4_unicode_ci;

--
-- Dumping data for table `migrations`
--

INSERT INTO `migrations` (`id`, `migration`, `batch`) VALUES
(1, '2014_10_12_000000_create_users_table', 1),
(2, '2014_10_12_100000_create_password_resets_table', 2),
(3, '2018_05_15_060641_create_events_table', 2),
(4, '2018_05_15_073146_create_matches_table', 3),
(5, '2018_05_15_130147_create_bet_questions_table', 4),
(7, '2018_05_16_060816_create_bet_options_table', 5),
(8, '2018_05_23_102456_create_bet_invests_table', 6),
(9, '2018_07_29_151129_create_commission_logs_table', 7);

-- --------------------------------------------------------

--
-- Table structure for table `password_resets`
--

CREATE TABLE `password_resets` (
  `id` int(11) NOT NULL,
  `email` varchar(191) COLLATE utf8mb4_unicode_ci NOT NULL,
  `token` varchar(191) COLLATE utf8mb4_unicode_ci NOT NULL,
  `created_at` timestamp NULL DEFAULT NULL,
  `updated_at` timestamp NULL DEFAULT NULL
) ENGINE=InnoDB DEFAULT CHARSET=utf8mb4 COLLATE=utf8mb4_unicode_ci;

--
-- Dumping data for table `password_resets`
--

INSERT INTO `password_resets` (`id`, `email`, `token`, `created_at`, `updated_at`) VALUES
(1, 'ronnie@gmail.com', 'IFsbuBWs5ZgZcoQGMivzLXy8XCvOne', '2018-05-16 01:28:41', NULL),
(2, 'ronnie@gmail.com', 'fHkcBEMW78ef43pmSswx8kVHqLcgDx', '2018-05-23 00:19:47', NULL),
(3, 'ronnie@gmail.com', 'tNPjzNUcsdEYeSPCutmDy8VfbECMUY', '2018-05-23 00:28:28', NULL),
(4, 'ronniearea@gmail.com', 'GXtEiyl8MGzNwMR5tNdRCEI7dTyuVX', '2018-05-27 16:02:22', NULL),
(5, 'abirkhan75@gmail.com', 'Z6sHQHOATk5fluqi0vAJeyqzEd0ZXz', '2018-05-27 05:54:38', NULL),
(6, 'haha@haha.co', 'IDx0BrjOWN6p0FGFpmOdgG6wrdtqO2', '2018-05-28 21:20:01', NULL),
(7, 'haha@haha.co', 'dD4UFej2PEFSEmBil48SJPw1l2zUSv', '2018-05-28 21:26:54', NULL),
(8, 'haha@haha.co', 'gbchqenwrcLnZPhzdjAtpR92V8vwwm', '2018-05-28 21:51:15', NULL);

-- --------------------------------------------------------

--
-- Table structure for table `services`
--

CREATE TABLE `services` (
  `id` int(10) UNSIGNED NOT NULL,
  `icon` varchar(191) COLLATE utf8mb4_unicode_ci NOT NULL,
  `details` text COLLATE utf8mb4_unicode_ci NOT NULL,
  `created_at` timestamp NULL DEFAULT NULL,
  `updated_at` timestamp NULL DEFAULT NULL
) ENGINE=InnoDB DEFAULT CHARSET=utf8mb4 COLLATE=utf8mb4_unicode_ci;

--
-- Dumping data for table `services`
--

INSERT INTO `services` (`id`, `icon`, `details`, `created_at`, `updated_at`) VALUES
(1, '<i class=\"fa fa-headphones\"></i>', '24/7 Customer Support', NULL, '2018-04-24 12:26:35'),
(2, '<i class=\"fa fa-envelope\"></i>', 'support@thesoftking.com', NULL, NULL),
(3, '<i class=\"fa fa-comments-o\"></i>', '\r\nFriendly Support Ticket', NULL, NULL),
(4, '<i class=\"fa fa-phone\"></i>', '+88-0100-44-22-00', NULL, '2018-05-27 05:35:16');

-- --------------------------------------------------------

--
-- Table structure for table `sliders`
--

CREATE TABLE `sliders` (
  `id` int(10) UNSIGNED NOT NULL,
  `title` varchar(191) COLLATE utf8mb4_unicode_ci NOT NULL,
  `sub_title` text COLLATE utf8mb4_unicode_ci NOT NULL,
  `description` text COLLATE utf8mb4_unicode_ci NOT NULL,
  `image` varchar(191) COLLATE utf8mb4_unicode_ci NOT NULL,
  `created_at` timestamp NULL DEFAULT NULL,
  `updated_at` timestamp NULL DEFAULT NULL
) ENGINE=InnoDB DEFAULT CHARSET=utf8mb4 COLLATE=utf8mb4_unicode_ci;

--
-- Dumping data for table `sliders`
--

INSERT INTO `sliders` (`id`, `title`, `sub_title`, `description`, `image`, `created_at`, `updated_at`) VALUES
(2, 'WELCOME TO MAMA SERVER', 'Why do we use it?', 'It is a long established fact that a reader will be distracted by the readable content of a page when looking at its layout. The point of using Lorem Ipsum is that it has a more-or-less normal distribution of letters,', 'slider_1523783387.jpg', '2018-04-15 03:09:48', '2018-04-15 03:09:48'),
(3, 'THR SOFT KING', 'Why do we use it?', 'It is a long established fact that a reader will be distracted by the readable content of a page when looking at its layout. The point of using Lorem Ipsum is that it has a more-or-less normal distribution of letters,', 'slider_1523783406.jpg', '2018-04-15 03:10:06', '2018-04-15 03:10:06'),
(4, 'BUILD YOUR DREAM WEBSITE WITH', 'Why do we use it?', 'It is a long established fact that a reader will be distracted by the readable content of a page when looking at its layout. The point of using Lorem Ipsum is that it has a more-or-less normal distribution of letters,', 'slider_1523783431.jpg', '2018-04-15 03:10:32', '2018-04-15 03:10:32');

-- --------------------------------------------------------

--
-- Table structure for table `soccers`
--

CREATE TABLE `soccers` (
  `id` int(10) UNSIGNED NOT NULL,
  `match_id` varchar(191) COLLATE utf8mb4_unicode_ci DEFAULT NULL,
  `scheduled` varchar(255) COLLATE utf8mb4_unicode_ci DEFAULT NULL,
  `season` text COLLATE utf8mb4_unicode_ci,
  `venue` text COLLATE utf8mb4_unicode_ci,
  `tournament` text COLLATE utf8mb4_unicode_ci,
  `competitors` text COLLATE utf8mb4_unicode_ci,
  `tournament_id` varchar(255) COLLATE utf8mb4_unicode_ci DEFAULT NULL,
  `tournament_round` text COLLATE utf8mb4_unicode_ci,
  `tournament_name` varchar(255) COLLATE utf8mb4_unicode_ci DEFAULT NULL,
  `start_date` datetime NOT NULL,
  `end_date` datetime NOT NULL,
  `status` tinyint(4) NOT NULL DEFAULT '0',
  `created_at` timestamp NULL DEFAULT NULL,
  `updated_at` timestamp NULL DEFAULT NULL
) ENGINE=InnoDB DEFAULT CHARSET=utf8mb4 COLLATE=utf8mb4_unicode_ci;

--
-- Dumping data for table `soccers`
--

INSERT INTO `soccers` (`id`, `match_id`, `scheduled`, `season`, `venue`, `tournament`, `competitors`, `tournament_id`, `tournament_round`, `tournament_name`, `start_date`, `end_date`, `status`, `created_at`, `updated_at`) VALUES
(2979, '15109331', '2019-01-13T11:00:00+00:00', 'O:8:\"stdClass\":6:{s:2:\"id\";s:15:\"sr:season:55917\";s:4:\"name\";s:12:\"LaLiga 18/19\";s:10:\"start_date\";s:10:\"2018-08-17\";s:8:\"end_date\";s:10:\"2019-05-20\";s:4:\"year\";s:5:\"18/19\";s:13:\"tournament_id\";s:15:\"sr:tournament:8\";}', 'O:8:\"stdClass\":7:{s:2:\"id\";s:14:\"sr:venue:21414\";s:4:\"name\";s:19:\"Wanda Metropolitano\";s:8:\"capacity\";i:67829;s:9:\"city_name\";s:6:\"Madrid\";s:12:\"country_name\";s:5:\"Spain\";s:15:\"map_coordinates\";s:19:\"40.436111,-3.599444\";s:12:\"country_code\";s:3:\"ESP\";}', 'O:8:\"stdClass\":4:{s:2:\"id\";s:15:\"sr:tournament:8\";s:4:\"name\";s:6:\"LaLiga\";s:5:\"sport\";O:8:\"stdClass\":2:{s:2:\"id\";s:10:\"sr:sport:1\";s:4:\"name\";s:6:\"Soccer\";}s:8:\"category\";O:8:\"stdClass\":3:{s:2:\"id\";s:14:\"sr:category:32\";s:4:\"name\";s:5:\"Spain\";s:12:\"country_code\";s:3:\"ESP\";}}', 'a:2:{i:0;O:8:\"stdClass\":6:{s:2:\"id\";s:18:\"sr:competitor:2836\";s:4:\"name\";s:15:\"Atletico Madrid\";s:7:\"country\";s:5:\"Spain\";s:12:\"country_code\";s:3:\"ESP\";s:12:\"abbreviation\";s:3:\"ATM\";s:9:\"qualifier\";s:4:\"home\";}i:1;O:8:\"stdClass\":6:{s:2:\"id\";s:18:\"sr:competitor:2849\";s:4:\"name\";s:10:\"UD Levante\";s:7:\"country\";s:5:\"Spain\";s:12:\"country_code\";s:3:\"ESP\";s:12:\"abbreviation\";s:3:\"LUD\";s:9:\"qualifier\";s:4:\"away\";}}', '8', 'O:8:\"stdClass\":3:{s:4:\"type\";s:5:\"group\";s:6:\"number\";i:19;s:5:\"phase\";s:14:\"regular season\";}', 'LaLiga', '2018-08-17 00:00:00', '2019-05-20 00:00:00', 1, '2019-01-31 05:13:33', '2019-01-31 06:06:14'),
(2980, '14701031', '2019-01-13T14:00:00+00:00', 'O:8:\"stdClass\":6:{s:2:\"id\";s:15:\"sr:season:54373\";s:4:\"name\";s:13:\"Ligue 1 18/19\";s:10:\"start_date\";s:10:\"2018-08-10\";s:8:\"end_date\";s:10:\"2019-06-01\";s:4:\"year\";s:5:\"18/19\";s:13:\"tournament_id\";s:16:\"sr:tournament:34\";}', 'O:8:\"stdClass\":7:{s:2:\"id\";s:12:\"sr:venue:953\";s:4:\"name\";s:21:\"Stade de la Beaujoire\";s:8:\"capacity\";i:37473;s:9:\"city_name\";s:6:\"Nantes\";s:12:\"country_name\";s:6:\"France\";s:15:\"map_coordinates\";s:19:\"47.255631,-1.525375\";s:12:\"country_code\";s:3:\"FRA\";}', 'O:8:\"stdClass\":4:{s:2:\"id\";s:16:\"sr:tournament:34\";s:4:\"name\";s:7:\"Ligue 1\";s:5:\"sport\";O:8:\"stdClass\":2:{s:2:\"id\";s:10:\"sr:sport:1\";s:4:\"name\";s:6:\"Soccer\";}s:8:\"category\";O:8:\"stdClass\":3:{s:2:\"id\";s:13:\"sr:category:7\";s:4:\"name\";s:6:\"France\";s:12:\"country_code\";s:3:\"FRA\";}}', 'a:2:{i:0;O:8:\"stdClass\":6:{s:2:\"id\";s:18:\"sr:competitor:1647\";s:4:\"name\";s:9:\"FC Nantes\";s:7:\"country\";s:6:\"France\";s:12:\"country_code\";s:3:\"FRA\";s:12:\"abbreviation\";s:3:\"FCN\";s:9:\"qualifier\";s:4:\"home\";}i:1;O:8:\"stdClass\":6:{s:2:\"id\";s:18:\"sr:competitor:1658\";s:4:\"name\";s:12:\"Stade Rennes\";s:7:\"country\";s:6:\"France\";s:12:\"country_code\";s:3:\"FRA\";s:12:\"abbreviation\";s:4:\"SRFC\";s:9:\"qualifier\";s:4:\"away\";}}', '34', 'O:8:\"stdClass\":3:{s:4:\"type\";s:5:\"group\";s:6:\"number\";i:20;s:5:\"phase\";s:14:\"regular season\";}', 'Ligue 1', '2018-08-10 00:00:00', '2019-06-01 00:00:00', 1, '2019-01-31 05:13:33', '2019-01-31 06:06:14'),
(2981, '14736671', '2019-01-13T14:15:00+00:00', 'O:8:\"stdClass\":6:{s:2:\"id\";s:15:\"sr:season:54571\";s:4:\"name\";s:20:\"Premier League 18/19\";s:10:\"start_date\";s:10:\"2018-08-10\";s:8:\"end_date\";s:10:\"2019-05-13\";s:4:\"year\";s:5:\"18/19\";s:13:\"tournament_id\";s:16:\"sr:tournament:17\";}', 'O:8:\"stdClass\":7:{s:2:\"id\";s:11:\"sr:venue:12\";s:4:\"name\";s:13:\"Goodison Park\";s:8:\"capacity\";i:39571;s:9:\"city_name\";s:9:\"Liverpool\";s:12:\"country_name\";s:7:\"England\";s:15:\"map_coordinates\";s:19:\"53.439255,-2.967065\";s:12:\"country_code\";s:3:\"ENG\";}', 'O:8:\"stdClass\":4:{s:2:\"id\";s:16:\"sr:tournament:17\";s:4:\"name\";s:14:\"Premier League\";s:5:\"sport\";O:8:\"stdClass\":2:{s:2:\"id\";s:10:\"sr:sport:1\";s:4:\"name\";s:6:\"Soccer\";}s:8:\"category\";O:8:\"stdClass\":3:{s:2:\"id\";s:13:\"sr:category:1\";s:4:\"name\";s:7:\"England\";s:12:\"country_code\";s:3:\"ENG\";}}', 'a:2:{i:0;O:8:\"stdClass\":6:{s:2:\"id\";s:16:\"sr:competitor:48\";s:4:\"name\";s:10:\"Everton FC\";s:7:\"country\";s:7:\"England\";s:12:\"country_code\";s:3:\"ENG\";s:12:\"abbreviation\";s:3:\"EVE\";s:9:\"qualifier\";s:4:\"home\";}i:1;O:8:\"stdClass\":6:{s:2:\"id\";s:16:\"sr:competitor:60\";s:4:\"name\";s:15:\"AFC Bournemouth\";s:7:\"country\";s:7:\"England\";s:12:\"country_code\";s:3:\"ENG\";s:12:\"abbreviation\";s:3:\"BOU\";s:9:\"qualifier\";s:4:\"away\";}}', '17', 'O:8:\"stdClass\":3:{s:4:\"type\";s:5:\"group\";s:6:\"number\";i:22;s:5:\"phase\";s:14:\"regular season\";}', 'Premier League', '2018-08-10 00:00:00', '2019-05-13 00:00:00', 1, '2019-01-31 05:13:33', '2019-01-31 06:06:14'),
(2982, '14946053', '2019-01-13T15:00:00+00:00', 'O:8:\"stdClass\":6:{s:2:\"id\";s:15:\"sr:season:55243\";s:4:\"name\";s:19:\"Primeira Liga 18/19\";s:10:\"start_date\";s:10:\"2018-08-10\";s:8:\"end_date\";s:10:\"2019-05-19\";s:4:\"year\";s:5:\"18/19\";s:13:\"tournament_id\";s:17:\"sr:tournament:238\";}', 'O:8:\"stdClass\":7:{s:2:\"id\";s:13:\"sr:venue:1335\";s:4:\"name\";s:18:\"Estadio da Madeira\";s:8:\"capacity\";i:5132;s:9:\"city_name\";s:7:\"Funchal\";s:12:\"country_name\";s:8:\"Portugal\";s:15:\"map_coordinates\";s:20:\"32.670834,-16.883333\";s:12:\"country_code\";s:3:\"PRT\";}', 'O:8:\"stdClass\":4:{s:2:\"id\";s:17:\"sr:tournament:238\";s:4:\"name\";s:13:\"Primeira Liga\";s:5:\"sport\";O:8:\"stdClass\":2:{s:2:\"id\";s:10:\"sr:sport:1\";s:4:\"name\";s:6:\"Soccer\";}s:8:\"category\";O:8:\"stdClass\":3:{s:2:\"id\";s:14:\"sr:category:44\";s:4:\"name\";s:8:\"Portugal\";s:12:\"country_code\";s:3:\"PRT\";}}', 'a:2:{i:0;O:8:\"stdClass\":6:{s:2:\"id\";s:18:\"sr:competitor:3013\";s:4:\"name\";s:11:\"CD Nacional\";s:7:\"country\";s:8:\"Portugal\";s:12:\"country_code\";s:3:\"PRT\";s:12:\"abbreviation\";s:3:\"CDN\";s:9:\"qualifier\";s:4:\"home\";}i:1;O:8:\"stdClass\":6:{s:2:\"id\";s:18:\"sr:competitor:3004\";s:4:\"name\";s:16:\"CF Os Belenenses\";s:7:\"country\";s:8:\"Portugal\";s:12:\"country_code\";s:3:\"PRT\";s:12:\"abbreviation\";s:3:\"BEL\";s:9:\"qualifier\";s:4:\"away\";}}', '238', 'O:8:\"stdClass\":3:{s:4:\"type\";s:5:\"group\";s:6:\"number\";i:17;s:5:\"phase\";s:12:\"main_round_1\";}', 'Primeira Liga', '2018-08-10 00:00:00', '2019-05-19 00:00:00', 1, '2019-01-31 05:13:33', '2019-01-31 06:06:14'),
(2983, '15109329', '2019-01-13T15:15:00+00:00', 'O:8:\"stdClass\":6:{s:2:\"id\";s:15:\"sr:season:55917\";s:4:\"name\";s:12:\"LaLiga 18/19\";s:10:\"start_date\";s:10:\"2018-08-17\";s:8:\"end_date\";s:10:\"2019-05-20\";s:4:\"year\";s:5:\"18/19\";s:13:\"tournament_id\";s:15:\"sr:tournament:8\";}', 'O:8:\"stdClass\":7:{s:2:\"id\";s:12:\"sr:venue:751\";s:4:\"name\";s:9:\"San Mames\";s:8:\"capacity\";i:53289;s:9:\"city_name\";s:6:\"Bilbao\";s:12:\"country_name\";s:5:\"Spain\";s:15:\"map_coordinates\";s:19:\"43.263476,-2.948150\";s:12:\"country_code\";s:3:\"ESP\";}', 'O:8:\"stdClass\":4:{s:2:\"id\";s:15:\"sr:tournament:8\";s:4:\"name\";s:6:\"LaLiga\";s:5:\"sport\";O:8:\"stdClass\":2:{s:2:\"id\";s:10:\"sr:sport:1\";s:4:\"name\";s:6:\"Soccer\";}s:8:\"category\";O:8:\"stdClass\":3:{s:2:\"id\";s:14:\"sr:category:32\";s:4:\"name\";s:5:\"Spain\";s:12:\"country_code\";s:3:\"ESP\";}}', 'a:2:{i:0;O:8:\"stdClass\":6:{s:2:\"id\";s:18:\"sr:competitor:2825\";s:4:\"name\";s:15:\"Athletic Bilbao\";s:7:\"country\";s:5:\"Spain\";s:12:\"country_code\";s:3:\"ESP\";s:12:\"abbreviation\";s:3:\"ATH\";s:9:\"qualifier\";s:4:\"home\";}i:1;O:8:\"stdClass\":6:{s:2:\"id\";s:18:\"sr:competitor:2833\";s:4:\"name\";s:10:\"Sevilla FC\";s:7:\"country\";s:5:\"Spain\";s:12:\"country_code\";s:3:\"ESP\";s:12:\"abbreviation\";s:3:\"SFC\";s:9:\"qualifier\";s:4:\"away\";}}', '8', 'O:8:\"stdClass\":3:{s:4:\"type\";s:5:\"group\";s:6:\"number\";i:19;s:5:\"phase\";s:14:\"regular season\";}', 'LaLiga', '2018-08-17 00:00:00', '2019-05-20 00:00:00', 1, '2019-01-31 05:13:33', '2019-01-31 06:06:14'),
(2984, '15382680', '2019-01-13T15:15:00+00:00', 'O:8:\"stdClass\":6:{s:2:\"id\";s:15:\"sr:season:55979\";s:4:\"name\";s:18:\"Super League 18/19\";s:10:\"start_date\";s:10:\"2018-08-25\";s:8:\"end_date\";s:10:\"2019-05-01\";s:4:\"year\";s:5:\"18/19\";s:13:\"tournament_id\";s:17:\"sr:tournament:185\";}', 'O:8:\"stdClass\":7:{s:2:\"id\";s:13:\"sr:venue:1153\";s:4:\"name\";s:16:\"Levadias Stadium\";s:8:\"capacity\";i:6500;s:9:\"city_name\";s:7:\"Levadia\";s:12:\"country_name\";s:6:\"Greece\";s:15:\"map_coordinates\";s:19:\"38.435897,22.882844\";s:12:\"country_code\";s:3:\"GRC\";}', 'O:8:\"stdClass\":4:{s:2:\"id\";s:17:\"sr:tournament:185\";s:4:\"name\";s:12:\"Super League\";s:5:\"sport\";O:8:\"stdClass\":2:{s:2:\"id\";s:10:\"sr:sport:1\";s:4:\"name\";s:6:\"Soccer\";}s:8:\"category\";O:8:\"stdClass\":3:{s:2:\"id\";s:14:\"sr:category:67\";s:4:\"name\";s:6:\"Greece\";s:12:\"country_code\";s:3:\"GRC\";}}', 'a:2:{i:0;O:8:\"stdClass\":6:{s:2:\"id\";s:18:\"sr:competitor:5063\";s:4:\"name\";s:18:\"Apo Levadeiakos FC\";s:7:\"country\";s:6:\"Greece\";s:12:\"country_code\";s:3:\"GRC\";s:12:\"abbreviation\";s:3:\"APO\";s:9:\"qualifier\";s:4:\"home\";}i:1;O:8:\"stdClass\":6:{s:2:\"id\";s:18:\"sr:competitor:3245\";s:4:\"name\";s:13:\"Olympiacos FC\";s:7:\"country\";s:6:\"Greece\";s:12:\"country_code\";s:3:\"GRC\";s:12:\"abbreviation\";s:3:\"OLY\";s:9:\"qualifier\";s:4:\"away\";}}', '185', 'O:8:\"stdClass\":2:{s:4:\"type\";s:5:\"group\";s:6:\"number\";i:16;}', 'Super League', '2018-08-25 00:00:00', '2019-05-01 00:00:00', 1, '2019-01-31 05:13:33', '2019-01-31 06:06:14'),
(2985, '14701025', '2019-01-13T16:00:00+00:00', 'O:8:\"stdClass\":6:{s:2:\"id\";s:15:\"sr:season:54373\";s:4:\"name\";s:13:\"Ligue 1 18/19\";s:10:\"start_date\";s:10:\"2018-08-10\";s:8:\"end_date\";s:10:\"2019-06-01\";s:4:\"year\";s:5:\"18/19\";s:13:\"tournament_id\";s:16:\"sr:tournament:34\";}', 'O:8:\"stdClass\":7:{s:2:\"id\";s:13:\"sr:venue:1866\";s:4:\"name\";s:19:\"Stade Gaston Gerard\";s:8:\"capacity\";i:16098;s:9:\"city_name\";s:5:\"Dijon\";s:12:\"country_name\";s:6:\"France\";s:15:\"map_coordinates\";s:18:\"47.324383,5.068342\";s:12:\"country_code\";s:3:\"FRA\";}', 'O:8:\"stdClass\":4:{s:2:\"id\";s:16:\"sr:tournament:34\";s:4:\"name\";s:7:\"Ligue 1\";s:5:\"sport\";O:8:\"stdClass\":2:{s:2:\"id\";s:10:\"sr:sport:1\";s:4:\"name\";s:6:\"Soccer\";}s:8:\"category\";O:8:\"stdClass\":3:{s:2:\"id\";s:13:\"sr:category:7\";s:4:\"name\";s:6:\"France\";s:12:\"country_code\";s:3:\"FRA\";}}', 'a:2:{i:0;O:8:\"stdClass\":6:{s:2:\"id\";s:18:\"sr:competitor:1686\";s:4:\"name\";s:9:\"Dijon FCO\";s:7:\"country\";s:6:\"France\";s:12:\"country_code\";s:3:\"FRA\";s:12:\"abbreviation\";s:4:\"DFCO\";s:9:\"qualifier\";s:4:\"home\";}i:1;O:8:\"stdClass\":6:{s:2:\"id\";s:18:\"sr:competitor:1642\";s:4:\"name\";s:15:\"Montpellier HSC\";s:7:\"country\";s:6:\"France\";s:12:\"country_code\";s:3:\"FRA\";s:12:\"abbreviation\";s:4:\"MHSC\";s:9:\"qualifier\";s:4:\"away\";}}', '34', 'O:8:\"stdClass\":3:{s:4:\"type\";s:5:\"group\";s:6:\"number\";i:20;s:5:\"phase\";s:14:\"regular season\";}', 'Ligue 1', '2018-08-10 00:00:00', '2019-06-01 00:00:00', 1, '2019-01-31 05:13:33', '2019-01-31 06:06:14'),
(2986, '14701037', '2019-01-13T16:00:00+00:00', 'O:8:\"stdClass\":6:{s:2:\"id\";s:15:\"sr:season:54373\";s:4:\"name\";s:13:\"Ligue 1 18/19\";s:10:\"start_date\";s:10:\"2018-08-10\";s:8:\"end_date\";s:10:\"2019-06-01\";s:4:\"year\";s:5:\"18/19\";s:13:\"tournament_id\";s:16:\"sr:tournament:34\";}', 'O:8:\"stdClass\":7:{s:2:\"id\";s:12:\"sr:venue:848\";s:4:\"name\";s:19:\"Stadium de Toulouse\";s:8:\"capacity\";i:33150;s:9:\"city_name\";s:8:\"Toulouse\";s:12:\"country_name\";s:6:\"France\";s:15:\"map_coordinates\";s:18:\"43.583056,1.434167\";s:12:\"country_code\";s:3:\"FRA\";}', 'O:8:\"stdClass\":4:{s:2:\"id\";s:16:\"sr:tournament:34\";s:4:\"name\";s:7:\"Ligue 1\";s:5:\"sport\";O:8:\"stdClass\":2:{s:2:\"id\";s:10:\"sr:sport:1\";s:4:\"name\";s:6:\"Soccer\";}s:8:\"category\";O:8:\"stdClass\":3:{s:2:\"id\";s:13:\"sr:category:7\";s:4:\"name\";s:6:\"France\";s:12:\"country_code\";s:3:\"FRA\";}}', 'a:2:{i:0;O:8:\"stdClass\":6:{s:2:\"id\";s:18:\"sr:competitor:1681\";s:4:\"name\";s:11:\"Toulouse FC\";s:7:\"country\";s:6:\"France\";s:12:\"country_code\";s:3:\"FRA\";s:12:\"abbreviation\";s:3:\"TFC\";s:9:\"qualifier\";s:4:\"home\";}i:1;O:8:\"stdClass\":6:{s:2:\"id\";s:18:\"sr:competitor:1659\";s:4:\"name\";s:17:\"Racing Strasbourg\";s:7:\"country\";s:6:\"France\";s:12:\"country_code\";s:3:\"FRA\";s:12:\"abbreviation\";s:4:\"RCSA\";s:9:\"qualifier\";s:4:\"away\";}}', '34', 'O:8:\"stdClass\":3:{s:4:\"type\";s:5:\"group\";s:6:\"number\";i:20;s:5:\"phase\";s:14:\"regular season\";}', 'Ligue 1', '2018-08-10 00:00:00', '2019-06-01 00:00:00', 1, '2019-01-31 05:13:33', '2019-01-31 06:06:14'),
(2987, '14736677', '2019-01-13T16:30:00+00:00', 'O:8:\"stdClass\":6:{s:2:\"id\";s:15:\"sr:season:54571\";s:4:\"name\";s:20:\"Premier League 18/19\";s:10:\"start_date\";s:10:\"2018-08-10\";s:8:\"end_date\";s:10:\"2019-05-13\";s:4:\"year\";s:5:\"18/19\";s:13:\"tournament_id\";s:16:\"sr:tournament:17\";}', 'O:8:\"stdClass\":7:{s:2:\"id\";s:10:\"sr:venue:8\";s:4:\"name\";s:15:\"Wembley Stadium\";s:8:\"capacity\";i:90000;s:9:\"city_name\";s:6:\"London\";s:12:\"country_name\";s:7:\"England\";s:15:\"map_coordinates\";s:19:\"51.555833,-0.279722\";s:12:\"country_code\";s:3:\"ENG\";}', 'O:8:\"stdClass\":4:{s:2:\"id\";s:16:\"sr:tournament:17\";s:4:\"name\";s:14:\"Premier League\";s:5:\"sport\";O:8:\"stdClass\":2:{s:2:\"id\";s:10:\"sr:sport:1\";s:4:\"name\";s:6:\"Soccer\";}s:8:\"category\";O:8:\"stdClass\":3:{s:2:\"id\";s:13:\"sr:category:1\";s:4:\"name\";s:7:\"England\";s:12:\"country_code\";s:3:\"ENG\";}}', 'a:2:{i:0;O:8:\"stdClass\":6:{s:2:\"id\";s:16:\"sr:competitor:33\";s:4:\"name\";s:17:\"Tottenham Hotspur\";s:7:\"country\";s:7:\"England\";s:12:\"country_code\";s:3:\"ENG\";s:12:\"abbreviation\";s:3:\"TOT\";s:9:\"qualifier\";s:4:\"home\";}i:1;O:8:\"stdClass\":6:{s:2:\"id\";s:16:\"sr:competitor:35\";s:4:\"name\";s:17:\"Manchester United\";s:7:\"country\";s:7:\"England\";s:12:\"country_code\";s:3:\"ENG\";s:12:\"abbreviation\";s:3:\"MUN\";s:9:\"qualifier\";s:4:\"away\";}}', '17', 'O:8:\"stdClass\":3:{s:4:\"type\";s:5:\"group\";s:6:\"number\";i:22;s:5:\"phase\";s:14:\"regular season\";}', 'Premier League', '2018-08-10 00:00:00', '2019-05-13 00:00:00', 1, '2019-01-31 05:13:33', '2019-01-31 06:06:14'),
(2988, '15382684', '2019-01-13T17:00:00+00:00', 'O:8:\"stdClass\":6:{s:2:\"id\";s:15:\"sr:season:55979\";s:4:\"name\";s:18:\"Super League 18/19\";s:10:\"start_date\";s:10:\"2018-08-25\";s:8:\"end_date\";s:10:\"2019-05-01\";s:4:\"year\";s:5:\"18/19\";s:13:\"tournament_id\";s:17:\"sr:tournament:185\";}', 'O:8:\"stdClass\":7:{s:2:\"id\";s:12:\"sr:venue:926\";s:4:\"name\";s:28:\"Spiros Louis Olympic Stadium\";s:8:\"capacity\";i:69638;s:9:\"city_name\";s:6:\"Athens\";s:12:\"country_name\";s:6:\"Greece\";s:15:\"map_coordinates\";s:19:\"38.036092,23.787633\";s:12:\"country_code\";s:3:\"GRC\";}', 'O:8:\"stdClass\":4:{s:2:\"id\";s:17:\"sr:tournament:185\";s:4:\"name\";s:12:\"Super League\";s:5:\"sport\";O:8:\"stdClass\":2:{s:2:\"id\";s:10:\"sr:sport:1\";s:4:\"name\";s:6:\"Soccer\";}s:8:\"category\";O:8:\"stdClass\":3:{s:2:\"id\";s:14:\"sr:category:67\";s:4:\"name\";s:6:\"Greece\";s:12:\"country_code\";s:3:\"GRC\";}}', 'a:2:{i:0;O:8:\"stdClass\":6:{s:2:\"id\";s:18:\"sr:competitor:3248\";s:4:\"name\";s:20:\"Panathinaikos Athens\";s:7:\"country\";s:6:\"Greece\";s:12:\"country_code\";s:3:\"GRC\";s:12:\"abbreviation\";s:3:\"PAN\";s:9:\"qualifier\";s:4:\"home\";}i:1;O:8:\"stdClass\":6:{s:2:\"id\";s:18:\"sr:competitor:3254\";s:4:\"name\";s:12:\"AO Xanthi FC\";s:7:\"country\";s:6:\"Greece\";s:12:\"country_code\";s:3:\"GRC\";s:12:\"abbreviation\";s:3:\"AOX\";s:9:\"qualifier\";s:4:\"away\";}}', '185', 'O:8:\"stdClass\":2:{s:4:\"type\";s:5:\"group\";s:6:\"number\";i:16;}', 'Super League', '2018-08-25 00:00:00', '2019-05-01 00:00:00', 1, '2019-01-31 05:13:33', '2019-01-31 06:06:14'),
(2989, '14946069', '2019-01-13T17:30:00+00:00', 'O:8:\"stdClass\":6:{s:2:\"id\";s:15:\"sr:season:55243\";s:4:\"name\";s:19:\"Primeira Liga 18/19\";s:10:\"start_date\";s:10:\"2018-08-10\";s:8:\"end_date\";s:10:\"2019-05-19\";s:4:\"year\";s:5:\"18/19\";s:13:\"tournament_id\";s:17:\"sr:tournament:238\";}', 'O:8:\"stdClass\":7:{s:2:\"id\";s:14:\"sr:venue:12071\";s:4:\"name\";s:45:\"Estadio Municipal Eng. Manuel Branco Teixeira\";s:8:\"capacity\";i:9000;s:9:\"city_name\";s:6:\"Chaves\";s:12:\"country_name\";s:8:\"Portugal\";s:15:\"map_coordinates\";s:19:\"41.750552,-7.464952\";s:12:\"country_code\";s:3:\"PRT\";}', 'O:8:\"stdClass\":4:{s:2:\"id\";s:17:\"sr:tournament:238\";s:4:\"name\";s:13:\"Primeira Liga\";s:5:\"sport\";O:8:\"stdClass\":2:{s:2:\"id\";s:10:\"sr:sport:1\";s:4:\"name\";s:6:\"Soccer\";}s:8:\"category\";O:8:\"stdClass\":3:{s:2:\"id\";s:14:\"sr:category:44\";s:4:\"name\";s:8:\"Portugal\";s:12:\"country_code\";s:3:\"PRT\";}}', 'a:2:{i:0;O:8:\"stdClass\":6:{s:2:\"id\";s:18:\"sr:competitor:3025\";s:4:\"name\";s:9:\"GD Chaves\";s:7:\"country\";s:8:\"Portugal\";s:12:\"country_code\";s:3:\"PRT\";s:12:\"abbreviation\";s:3:\"CHA\";s:9:\"qualifier\";s:4:\"home\";}i:1;O:8:\"stdClass\":6:{s:2:\"id\";s:19:\"sr:competitor:38396\";s:4:\"name\";s:10:\"CD Tondela\";s:7:\"country\";s:8:\"Portugal\";s:12:\"country_code\";s:3:\"PRT\";s:12:\"abbreviation\";s:3:\"TON\";s:9:\"qualifier\";s:4:\"away\";}}', '238', 'O:8:\"stdClass\":3:{s:4:\"type\";s:5:\"group\";s:6:\"number\";i:17;s:5:\"phase\";s:12:\"main_round_1\";}', 'Primeira Liga', '2018-08-10 00:00:00', '2019-05-19 00:00:00', 1, '2019-01-31 05:13:33', '2019-01-31 06:06:14'),
(2990, '15109333', '2019-01-13T17:30:00+00:00', 'O:8:\"stdClass\":6:{s:2:\"id\";s:15:\"sr:season:55917\";s:4:\"name\";s:12:\"LaLiga 18/19\";s:10:\"start_date\";s:10:\"2018-08-17\";s:8:\"end_date\";s:10:\"2019-05-20\";s:4:\"year\";s:5:\"18/19\";s:13:\"tournament_id\";s:15:\"sr:tournament:8\";}', 'O:8:\"stdClass\":7:{s:2:\"id\";s:12:\"sr:venue:709\";s:4:\"name\";s:8:\"Camp Nou\";s:8:\"capacity\";i:98787;s:9:\"city_name\";s:9:\"Barcelona\";s:12:\"country_name\";s:5:\"Spain\";s:15:\"map_coordinates\";s:18:\"41.380890,2.122813\";s:12:\"country_code\";s:3:\"ESP\";}', 'O:8:\"stdClass\":4:{s:2:\"id\";s:15:\"sr:tournament:8\";s:4:\"name\";s:6:\"LaLiga\";s:5:\"sport\";O:8:\"stdClass\":2:{s:2:\"id\";s:10:\"sr:sport:1\";s:4:\"name\";s:6:\"Soccer\";}s:8:\"category\";O:8:\"stdClass\":3:{s:2:\"id\";s:14:\"sr:category:32\";s:4:\"name\";s:5:\"Spain\";s:12:\"country_code\";s:3:\"ESP\";}}', 'a:2:{i:0;O:8:\"stdClass\":6:{s:2:\"id\";s:18:\"sr:competitor:2817\";s:4:\"name\";s:12:\"FC Barcelona\";s:7:\"country\";s:5:\"Spain\";s:12:\"country_code\";s:3:\"ESP\";s:12:\"abbreviation\";s:3:\"FCB\";s:9:\"qualifier\";s:4:\"home\";}i:1;O:8:\"stdClass\":6:{s:2:\"id\";s:18:\"sr:competitor:2839\";s:4:\"name\";s:8:\"SD Eibar\";s:7:\"country\";s:5:\"Spain\";s:12:\"country_code\";s:3:\"ESP\";s:12:\"abbreviation\";s:3:\"EIB\";s:9:\"qualifier\";s:4:\"away\";}}', '8', 'O:8:\"stdClass\":3:{s:4:\"type\";s:5:\"group\";s:6:\"number\";i:19;s:5:\"phase\";s:14:\"regular season\";}', 'LaLiga', '2018-08-17 00:00:00', '2019-05-20 00:00:00', 1, '2019-01-31 05:13:33', '2019-01-31 06:06:14'),
(2991, '15382676', '2019-01-13T17:30:00+00:00', 'O:8:\"stdClass\":6:{s:2:\"id\";s:15:\"sr:season:55979\";s:4:\"name\";s:18:\"Super League 18/19\";s:10:\"start_date\";s:10:\"2018-08-25\";s:8:\"end_date\";s:10:\"2019-05-01\";s:4:\"year\";s:5:\"18/19\";s:13:\"tournament_id\";s:17:\"sr:tournament:185\";}', 'O:8:\"stdClass\":7:{s:2:\"id\";s:13:\"sr:venue:1174\";s:4:\"name\";s:30:\"Theodoros Kolokotronis Stadium\";s:8:\"capacity\";i:7616;s:9:\"city_name\";s:7:\"Tripoli\";s:12:\"country_name\";s:6:\"Greece\";s:15:\"map_coordinates\";s:19:\"37.521989,22.378164\";s:12:\"country_code\";s:3:\"GRC\";}', 'O:8:\"stdClass\":4:{s:2:\"id\";s:17:\"sr:tournament:185\";s:4:\"name\";s:12:\"Super League\";s:5:\"sport\";O:8:\"stdClass\":2:{s:2:\"id\";s:10:\"sr:sport:1\";s:4:\"name\";s:6:\"Soccer\";}s:8:\"category\";O:8:\"stdClass\":3:{s:2:\"id\";s:14:\"sr:category:67\";s:4:\"name\";s:6:\"Greece\";s:12:\"country_code\";s:3:\"GRC\";}}', 'a:2:{i:0;O:8:\"stdClass\":6:{s:2:\"id\";s:18:\"sr:competitor:6342\";s:4:\"name\";s:16:\"Asteras Tripolis\";s:7:\"country\";s:6:\"Greece\";s:12:\"country_code\";s:3:\"GRC\";s:12:\"abbreviation\";s:3:\"AST\";s:9:\"qualifier\";s:4:\"home\";}i:1;O:8:\"stdClass\":6:{s:2:\"id\";s:18:\"sr:competitor:3251\";s:4:\"name\";s:7:\"PAOK FC\";s:7:\"country\";s:6:\"Greece\";s:12:\"country_code\";s:3:\"GRC\";s:12:\"abbreviation\";s:3:\"PAO\";s:9:\"qualifier\";s:4:\"away\";}}', '185', 'O:8:\"stdClass\":2:{s:4:\"type\";s:5:\"group\";s:6:\"number\";i:16;}', 'Super League', '2018-08-25 00:00:00', '2019-05-01 00:00:00', 1, '2019-01-31 05:13:33', '2019-01-31 06:06:14'),
(2992, '15109335', '2019-01-13T19:45:00+00:00', 'O:8:\"stdClass\":6:{s:2:\"id\";s:15:\"sr:season:55917\";s:4:\"name\";s:12:\"LaLiga 18/19\";s:10:\"start_date\";s:10:\"2018-08-17\";s:8:\"end_date\";s:10:\"2019-05-20\";s:4:\"year\";s:5:\"18/19\";s:13:\"tournament_id\";s:15:\"sr:tournament:8\";}', 'O:8:\"stdClass\":7:{s:2:\"id\";s:13:\"sr:venue:1045\";s:4:\"name\";s:17:\"Benito Villamarin\";s:8:\"capacity\";i:60721;s:9:\"city_name\";s:7:\"Seville\";s:12:\"country_name\";s:5:\"Spain\";s:15:\"map_coordinates\";s:19:\"37.356483,-5.981768\";s:12:\"country_code\";s:3:\"ESP\";}', 'O:8:\"stdClass\":4:{s:2:\"id\";s:15:\"sr:tournament:8\";s:4:\"name\";s:6:\"LaLiga\";s:5:\"sport\";O:8:\"stdClass\":2:{s:2:\"id\";s:10:\"sr:sport:1\";s:4:\"name\";s:6:\"Soccer\";}s:8:\"category\";O:8:\"stdClass\":3:{s:2:\"id\";s:14:\"sr:category:32\";s:4:\"name\";s:5:\"Spain\";s:12:\"country_code\";s:3:\"ESP\";}}', 'a:2:{i:0;O:8:\"stdClass\":6:{s:2:\"id\";s:18:\"sr:competitor:2816\";s:4:\"name\";s:19:\"Real Betis Balompie\";s:7:\"country\";s:5:\"Spain\";s:12:\"country_code\";s:3:\"ESP\";s:12:\"abbreviation\";s:3:\"RBB\";s:9:\"qualifier\";s:4:\"home\";}i:1;O:8:\"stdClass\":6:{s:2:\"id\";s:18:\"sr:competitor:2829\";s:4:\"name\";s:11:\"Real Madrid\";s:7:\"country\";s:5:\"Spain\";s:12:\"country_code\";s:3:\"ESP\";s:12:\"abbreviation\";s:3:\"MAD\";s:9:\"qualifier\";s:4:\"away\";}}', '8', 'O:8:\"stdClass\":3:{s:4:\"type\";s:5:\"group\";s:6:\"number\";i:19;s:5:\"phase\";s:14:\"regular season\";}', 'LaLiga', '2018-08-17 00:00:00', '2019-05-20 00:00:00', 1, '2019-01-31 05:13:33', '2019-01-31 06:06:14'),
(2993, '14701039', '2019-01-13T20:00:00+00:00', 'O:8:\"stdClass\":6:{s:2:\"id\";s:15:\"sr:season:54373\";s:4:\"name\";s:13:\"Ligue 1 18/19\";s:10:\"start_date\";s:10:\"2018-08-10\";s:8:\"end_date\";s:10:\"2019-06-01\";s:4:\"year\";s:5:\"18/19\";s:13:\"tournament_id\";s:16:\"sr:tournament:34\";}', 'O:8:\"stdClass\":7:{s:2:\"id\";s:12:\"sr:venue:839\";s:4:\"name\";s:16:\"Orange Velodrome\";s:8:\"capacity\";i:67000;s:9:\"city_name\";s:9:\"Marseille\";s:12:\"country_name\";s:6:\"France\";s:15:\"map_coordinates\";s:18:\"43.269722,5.395833\";s:12:\"country_code\";s:3:\"FRA\";}', 'O:8:\"stdClass\":4:{s:2:\"id\";s:16:\"sr:tournament:34\";s:4:\"name\";s:7:\"Ligue 1\";s:5:\"sport\";O:8:\"stdClass\":2:{s:2:\"id\";s:10:\"sr:sport:1\";s:4:\"name\";s:6:\"Soccer\";}s:8:\"category\";O:8:\"stdClass\":3:{s:2:\"id\";s:13:\"sr:category:7\";s:4:\"name\";s:6:\"France\";s:12:\"country_code\";s:3:\"FRA\";}}', 'a:2:{i:0;O:8:\"stdClass\":6:{s:2:\"id\";s:18:\"sr:competitor:1641\";s:4:\"name\";s:19:\"Olympique Marseille\";s:7:\"country\";s:6:\"France\";s:12:\"country_code\";s:3:\"FRA\";s:12:\"abbreviation\";s:2:\"OM\";s:9:\"qualifier\";s:4:\"home\";}i:1;O:8:\"stdClass\":6:{s:2:\"id\";s:18:\"sr:competitor:1653\";s:4:\"name\";s:9:\"AS Monaco\";s:7:\"country\";s:6:\"France\";s:12:\"country_code\";s:3:\"FRA\";s:12:\"abbreviation\";s:3:\"ASM\";s:9:\"qualifier\";s:4:\"away\";}}', '34', 'O:8:\"stdClass\":3:{s:4:\"type\";s:5:\"group\";s:6:\"number\";i:20;s:5:\"phase\";s:14:\"regular season\";}', 'Ligue 1', '2018-08-10 00:00:00', '2019-06-01 00:00:00', 1, '2019-01-31 05:13:33', '2019-01-31 06:06:14'),
(2994, '14946059', '2019-01-13T20:00:00+00:00', 'O:8:\"stdClass\":6:{s:2:\"id\";s:15:\"sr:season:55243\";s:4:\"name\";s:19:\"Primeira Liga 18/19\";s:10:\"start_date\";s:10:\"2018-08-10\";s:8:\"end_date\";s:10:\"2019-05-19\";s:4:\"year\";s:5:\"18/19\";s:13:\"tournament_id\";s:17:\"sr:tournament:238\";}', 'O:8:\"stdClass\":7:{s:2:\"id\";s:13:\"sr:venue:2013\";s:4:\"name\";s:17:\"Estadio Dos Arcos\";s:8:\"capacity\";i:9065;s:9:\"city_name\";s:13:\"Vila do Conde\";s:12:\"country_name\";s:8:\"Portugal\";s:15:\"map_coordinates\";s:19:\"41.362755,-8.740186\";s:12:\"country_code\";s:3:\"PRT\";}', 'O:8:\"stdClass\":4:{s:2:\"id\";s:17:\"sr:tournament:238\";s:4:\"name\";s:13:\"Primeira Liga\";s:5:\"sport\";O:8:\"stdClass\":2:{s:2:\"id\";s:10:\"sr:sport:1\";s:4:\"name\";s:6:\"Soccer\";}s:8:\"category\";O:8:\"stdClass\":3:{s:2:\"id\";s:14:\"sr:category:44\";s:4:\"name\";s:8:\"Portugal\";s:12:\"country_code\";s:3:\"PRT\";}}', 'a:2:{i:0;O:8:\"stdClass\":6:{s:2:\"id\";s:18:\"sr:competitor:3036\";s:4:\"name\";s:10:\"Rio Ave FC\";s:7:\"country\";s:8:\"Portugal\";s:12:\"country_code\";s:3:\"PRT\";s:12:\"abbreviation\";s:3:\"RAV\";s:9:\"qualifier\";s:4:\"home\";}i:1;O:8:\"stdClass\":6:{s:2:\"id\";s:18:\"sr:competitor:3008\";s:4:\"name\";s:15:\"Vitoria Setubal\";s:7:\"country\";s:8:\"Portugal\";s:12:\"country_code\";s:3:\"PRT\";s:12:\"abbreviation\";s:3:\"SET\";s:9:\"qualifier\";s:4:\"away\";}}', '238', 'O:8:\"stdClass\":3:{s:4:\"type\";s:5:\"group\";s:6:\"number\";i:17;s:5:\"phase\";s:12:\"main_round_1\";}', 'Primeira Liga', '2018-08-10 00:00:00', '2019-05-19 00:00:00', 1, '2019-01-31 05:13:33', '2019-01-31 06:06:14'),
(2995, '16446217', '2019-01-15T18:00:00+00:00', 'O:8:\"stdClass\":6:{s:2:\"id\";s:15:\"sr:season:54373\";s:4:\"name\";s:13:\"Ligue 1 18/19\";s:10:\"start_date\";s:10:\"2018-08-10\";s:8:\"end_date\";s:10:\"2019-06-01\";s:4:\"year\";s:5:\"18/19\";s:13:\"tournament_id\";s:16:\"sr:tournament:34\";}', 'O:8:\"stdClass\":7:{s:2:\"id\";s:14:\"sr:venue:19889\";s:4:\"name\";s:18:\"Stade Raymond Kopa\";s:8:\"capacity\";i:17835;s:9:\"city_name\";s:6:\"Angers\";s:12:\"country_name\";s:6:\"France\";s:15:\"map_coordinates\";s:19:\"47.460458,-0.530741\";s:12:\"country_code\";s:3:\"FRA\";}', 'O:8:\"stdClass\":4:{s:2:\"id\";s:16:\"sr:tournament:34\";s:4:\"name\";s:7:\"Ligue 1\";s:5:\"sport\";O:8:\"stdClass\":2:{s:2:\"id\";s:10:\"sr:sport:1\";s:4:\"name\";s:6:\"Soccer\";}s:8:\"category\";O:8:\"stdClass\":3:{s:2:\"id\";s:13:\"sr:category:7\";s:4:\"name\";s:6:\"France\";s:12:\"country_code\";s:3:\"FRA\";}}', 'a:2:{i:0;O:8:\"stdClass\":6:{s:2:\"id\";s:18:\"sr:competitor:1684\";s:4:\"name\";s:10:\"SCO Angers\";s:7:\"country\";s:6:\"France\";s:12:\"country_code\";s:3:\"FRA\";s:12:\"abbreviation\";s:3:\"SCO\";s:9:\"qualifier\";s:4:\"home\";}i:1;O:8:\"stdClass\":6:{s:2:\"id\";s:18:\"sr:competitor:1645\";s:4:\"name\";s:21:\"FC Girondins Bordeaux\";s:7:\"country\";s:6:\"France\";s:12:\"country_code\";s:3:\"FRA\";s:12:\"abbreviation\";s:4:\"FCGB\";s:9:\"qualifier\";s:4:\"away\";}}', '34', 'O:8:\"stdClass\":3:{s:4:\"type\";s:5:\"group\";s:6:\"number\";i:17;s:5:\"phase\";s:14:\"regular season\";}', 'Ligue 1', '2018-08-10 00:00:00', '2019-06-01 00:00:00', 1, '2019-01-31 05:51:17', '2019-01-31 05:51:17'),
(2996, '16446215', '2019-01-15T20:00:00+00:00', 'O:8:\"stdClass\":6:{s:2:\"id\";s:15:\"sr:season:54373\";s:4:\"name\";s:13:\"Ligue 1 18/19\";s:10:\"start_date\";s:10:\"2018-08-10\";s:8:\"end_date\";s:10:\"2019-06-01\";s:4:\"year\";s:5:\"18/19\";s:13:\"tournament_id\";s:16:\"sr:tournament:34\";}', 'O:8:\"stdClass\":7:{s:2:\"id\";s:12:\"sr:venue:843\";s:4:\"name\";s:16:\"Parc Des Princes\";s:8:\"capacity\";i:45000;s:9:\"city_name\";s:5:\"Paris\";s:12:\"country_name\";s:6:\"France\";s:15:\"map_coordinates\";s:18:\"48.841389,2.253056\";s:12:\"country_code\";s:3:\"FRA\";}', 'O:8:\"stdClass\":4:{s:2:\"id\";s:16:\"sr:tournament:34\";s:4:\"name\";s:7:\"Ligue 1\";s:5:\"sport\";O:8:\"stdClass\":2:{s:2:\"id\";s:10:\"sr:sport:1\";s:4:\"name\";s:6:\"Soccer\";}s:8:\"category\";O:8:\"stdClass\":3:{s:2:\"id\";s:13:\"sr:category:7\";s:4:\"name\";s:6:\"France\";s:12:\"country_code\";s:3:\"FRA\";}}', 'a:2:{i:0;O:8:\"stdClass\":6:{s:2:\"id\";s:18:\"sr:competitor:1644\";s:4:\"name\";s:19:\"Paris Saint-Germain\";s:7:\"country\";s:6:\"France\";s:12:\"country_code\";s:3:\"FRA\";s:12:\"abbreviation\";s:3:\"PSG\";s:9:\"qualifier\";s:4:\"home\";}i:1;O:8:\"stdClass\":6:{s:2:\"id\";s:18:\"sr:competitor:1642\";s:4:\"name\";s:15:\"Montpellier HSC\";s:7:\"country\";s:6:\"France\";s:12:\"country_code\";s:3:\"FRA\";s:12:\"abbreviation\";s:4:\"MHSC\";s:9:\"qualifier\";s:4:\"away\";}}', '34', 'O:8:\"stdClass\":3:{s:4:\"type\";s:5:\"group\";s:6:\"number\";i:17;s:5:\"phase\";s:14:\"regular season\";}', 'Ligue 1', '2018-08-10 00:00:00', '2019-06-01 00:00:00', 1, '2019-01-31 05:51:17', '2019-01-31 05:51:17');

-- --------------------------------------------------------

--
-- Table structure for table `socials`
--

CREATE TABLE `socials` (
  `id` int(10) UNSIGNED NOT NULL,
  `name` varchar(191) COLLATE utf8mb4_unicode_ci NOT NULL,
  `code` varchar(191) COLLATE utf8mb4_unicode_ci NOT NULL,
  `link` varchar(191) COLLATE utf8mb4_unicode_ci NOT NULL,
  `created_at` timestamp NULL DEFAULT NULL,
  `updated_at` timestamp NULL DEFAULT NULL
) ENGINE=InnoDB DEFAULT CHARSET=utf8mb4 COLLATE=utf8mb4_unicode_ci;

--
-- Dumping data for table `socials`
--

INSERT INTO `socials` (`id`, `name`, `code`, `link`, `created_at`, `updated_at`) VALUES
(3, 'Facebook', '<i class=\"fa fa-facebook\"></i>', '#', '2018-05-22 22:56:12', '2018-12-13 05:42:10'),
(4, 'Twitter', '<i class=\"fa fa-twitter\"></i>', '#', '2018-05-22 23:57:46', '2018-12-13 05:42:25'),
(5, 'Linkedin', '<i class=\"fa fa-linkedin\"></i>', '#', '2018-05-22 23:58:14', '2018-12-13 05:42:41'),
(6, 'G-Plus', '<i class=\"fa fa-google-plus\"></i>', '#', '2018-05-22 23:58:34', '2018-12-13 05:42:56'),
(8, 'pinterest', '<i class=\"fa fa-pinterest\"></i>', '#', '2018-07-30 14:18:38', '2018-12-13 05:43:10');

-- --------------------------------------------------------

--
-- Table structure for table `tournament_lists`
--

CREATE TABLE `tournament_lists` (
  `id` int(11) NOT NULL,
  `tournament_id` varchar(191) CHARACTER SET utf8 NOT NULL,
  `name` varchar(191) CHARACTER SET utf8 NOT NULL,
  `sport_id` varchar(191) COLLATE utf8_unicode_ci NOT NULL,
  `sport_name` varchar(191) COLLATE utf8_unicode_ci NOT NULL,
  `category_id` varchar(191) CHARACTER SET utf8 NOT NULL,
  `category_name` varchar(191) CHARACTER SET utf8 NOT NULL,
  `season_id` varchar(191) CHARACTER SET utf8 NOT NULL,
  `season_name` varchar(191) CHARACTER SET utf8 NOT NULL,
  `season_start_date` date NOT NULL,
  `season_end_date` date NOT NULL,
  `season_year` varchar(191) CHARACTER SET utf8 NOT NULL,
  `season_scheduled` int(11) NOT NULL,
  `season_played` int(11) NOT NULL,
  `season_max_coverage_level` varchar(191) CHARACTER SET utf8 NOT NULL,
  `season_max_covered` int(11) NOT NULL,
  `season_min_coverage_level` varchar(191) CHARACTER SET utf8 NOT NULL,
  `league_group` varchar(191) COLLATE utf8_unicode_ci NOT NULL,
  `language_code` varchar(191) COLLATE utf8_unicode_ci NOT NULL,
  `created_at` timestamp NULL DEFAULT NULL,
  `updated_at` timestamp NULL DEFAULT NULL
) ENGINE=MyISAM DEFAULT CHARSET=utf8 COLLATE=utf8_unicode_ci;

--
-- Dumping data for table `tournament_lists`
--

INSERT INTO `tournament_lists` (`id`, `tournament_id`, `name`, `sport_id`, `sport_name`, `category_id`, `category_name`, `season_id`, `season_name`, `season_start_date`, `season_end_date`, `season_year`, `season_scheduled`, `season_played`, `season_max_coverage_level`, `season_max_covered`, `season_min_coverage_level`, `league_group`, `language_code`, `created_at`, `updated_at`) VALUES
(100, 'sr:tournament:679', 'UEFA Europa League', 'sr:sport:1', 'Soccer', 'sr:category:393', 'International Clubs', 'sr:season:54531', 'UEFA Europa League 18/19', '2018-06-26', '2019-05-30', '18/19', 459, 459, 'gold', 229, 'silver', 'eu', 'en', '2019-01-31 10:17:59', '2019-01-31 10:17:59'),
(101, 'sr:tournament:2324', 'Uefa Youth League', 'sr:sport:1', 'Soccer', 'sr:category:392', 'International Youth', 'sr:season:57622', 'UEFA Youth League 18/19', '2018-09-18', '2019-04-30', '18/19', 152, 144, 'gold', 1, 'silver', 'eu', 'en', '2019-01-31 10:17:59', '2019-01-31 10:17:59'),
(102, 'sr:tournament:23755', 'Uefa Nations League', 'sr:sport:1', 'Soccer', 'sr:category:4', 'International', 'sr:season:50817', 'UEFA Nations League 18/19', '2018-09-06', '2019-06-10', '2018', 138, 138, 'platinum', 24, 'silver', 'eu', 'en', '2019-01-31 10:17:59', '2019-01-31 10:17:59'),
(86, 'sr:tournament:7', 'UEFA Champions League', 'sr:sport:1', 'Soccer', 'sr:category:393', 'International Clubs', 'sr:season:54533', 'UEFA Champions League 18/19', '2018-06-26', '2019-06-02', '18/19', 188, 188, 'platinum', 96, 'bronze', 'eu', 'en', '2019-01-31 10:17:59', '2019-01-31 10:17:59'),
(87, 'sr:tournament:8', 'LaLiga', 'sr:sport:1', 'Soccer', 'sr:category:32', 'Spain', 'sr:season:55917', 'LaLiga 18/19', '2018-08-17', '2019-05-20', '18/19', 383, 211, 'platinum', 210, 'silver', 'eu', 'en', '2019-01-31 10:17:59', '2019-01-31 10:17:59'),
(88, 'sr:tournament:17', 'Premier League', 'sr:sport:1', 'Soccer', 'sr:category:1', 'England', 'sr:season:54571', 'Premier League 18/19', '2018-08-10', '2019-05-13', '18/19', 380, 240, 'platinum', 240, 'platinum', 'eu', 'en', '2019-01-31 10:17:59', '2019-01-31 11:02:59'),
(89, 'sr:tournament:23', 'Serie A', 'sr:sport:1', 'Soccer', 'sr:category:31', 'Italy', 'sr:season:55737', 'Serie A 18/19', '2018-08-18', '2019-05-27', '18/19', 383, 212, 'platinum', 210, 'silver', 'eu', 'en', '2019-01-31 10:17:59', '2019-01-31 10:17:59'),
(90, 'sr:tournament:34', 'Ligue 1', 'sr:sport:1', 'Soccer', 'sr:category:7', 'France', 'sr:season:54373', 'Ligue 1 18/19', '2018-08-10', '2019-06-01', '18/19', 395, 231, 'platinum', 216, 'silver', 'eu', 'en', '2019-01-31 10:17:59', '2019-01-31 10:17:59'),
(91, 'sr:tournament:35', 'Bundesliga', 'sr:sport:1', 'Soccer', 'sr:category:30', 'Germany', 'sr:season:55017', 'Bundesliga 18/19', '2018-08-24', '2019-05-28', '18/19', 309, 171, 'platinum', 171, 'platinum', 'eu', 'en', '2019-01-31 10:17:59', '2019-01-31 10:17:59'),
(92, 'sr:tournament:37', 'Eredivisie', 'sr:sport:1', 'Soccer', 'sr:category:35', 'Netherlands', 'sr:season:54555', 'Eredivisie 18/19', '2018-08-10', '2019-05-27', '18/19', 307, 172, 'gold', 172, 'gold', 'eu', 'en', '2019-01-31 10:17:59', '2019-01-31 10:17:59'),
(93, 'sr:tournament:38', 'First Division A', 'sr:sport:1', 'Soccer', 'sr:category:33', 'Belgium', 'sr:season:54539', 'First Division A 18/19', '2018-07-27', '2019-05-30', '18/19', 244, 184, 'gold', 99, 'silver', 'eu', 'en', '2019-01-31 10:17:59', '2019-01-31 10:17:59'),
(94, 'sr:tournament:52', 'Super Lig', 'sr:sport:1', 'Soccer', 'sr:category:46', 'Turkey', 'sr:season:55287', 'Super Lig 18/19', '2018-08-10', '2019-05-26', '18/19', 306, 171, 'gold', 171, 'gold', 'eu', 'en', '2019-01-31 10:17:59', '2019-01-31 10:17:59'),
(95, 'sr:tournament:185', 'Super League', 'sr:sport:1', 'Soccer', 'sr:category:67', 'Greece', 'sr:season:55979', 'Super League 18/19', '2018-08-25', '2019-05-01', '18/19', 249, 150, 'gold', 141, 'silver', 'eu', 'en', '2019-01-31 10:17:59', '2019-01-31 10:17:59'),
(96, 'sr:tournament:203', 'Premier League', 'sr:sport:1', 'Soccer', 'sr:category:21', 'Russia', 'sr:season:55279', 'Premier League 18/19', '2018-07-28', '2019-06-03', '18/19', 243, 137, 'gold', 135, 'bronze', 'eu', 'en', '2019-01-31 10:17:59', '2019-01-31 10:17:59'),
(97, 'sr:tournament:218', 'Premier League', 'sr:sport:1', 'Soccer', 'sr:category:86', 'Ukraine', 'sr:season:54563', 'Premier League 18/19', '2018-07-21', '2019-05-27', '18/19', 133, 109, 'gold', 108, 'silver', 'eu', 'en', '2019-01-31 10:17:59', '2019-01-31 10:17:59'),
(98, 'sr:tournament:238', 'Primeira Liga', 'sr:sport:1', 'Soccer', 'sr:category:44', 'Portugal', 'sr:season:55243', 'Primeira Liga 18/19', '2018-08-10', '2019-05-19', '18/19', 306, 170, 'gold', 170, 'gold', 'eu', 'en', '2019-01-31 10:17:59', '2019-01-31 10:17:59'),
(99, 'sr:tournament:465', 'UEFA Super Cup', 'sr:sport:1', 'Soccer', 'sr:category:393', 'International Clubs', 'sr:season:54030', 'UEFA Super Cup 2018', '2018-08-15', '2018-08-16', '2018', 1, 1, 'gold', 1, 'gold', 'eu', 'en', '2019-01-31 10:17:59', '2019-01-31 10:17:59');

-- --------------------------------------------------------

--
-- Table structure for table `trxes`
--

CREATE TABLE `trxes` (
  `id` int(10) UNSIGNED NOT NULL,
  `user_id` int(11) NOT NULL DEFAULT '0',
  `refer_id` int(11) NOT NULL DEFAULT '0',
  `amount` varchar(191) COLLATE utf8mb4_unicode_ci NOT NULL DEFAULT '0',
  `main_amo` varchar(191) COLLATE utf8mb4_unicode_ci DEFAULT '0',
  `charge` varchar(191) COLLATE utf8mb4_unicode_ci NOT NULL DEFAULT '0',
  `type` varchar(191) COLLATE utf8mb4_unicode_ci NOT NULL DEFAULT '+',
  `title` varchar(191) COLLATE utf8mb4_unicode_ci DEFAULT NULL,
  `trx` varchar(191) COLLATE utf8mb4_unicode_ci DEFAULT NULL,
  `created_at` timestamp NULL DEFAULT NULL,
  `updated_at` timestamp NULL DEFAULT NULL
) ENGINE=InnoDB DEFAULT CHARSET=utf8mb4 COLLATE=utf8mb4_unicode_ci;

--
-- Dumping data for table `trxes`
--

INSERT INTO `trxes` (`id`, `user_id`, `refer_id`, `amount`, `main_amo`, `charge`, `type`, `title`, `trx`, `created_at`, `updated_at`) VALUES
(1, 1, 6, '10', '10', '0', '+', '10 BDT Added  Your account by hridoy', 'hhEyiysd7FBml0Cv', '2018-07-29 14:06:37', '2018-07-29 14:06:37'),
(2, 6, 0, '100', '100', '0', '+', 'Deposit Via Credit Card', 'hhEyiybN7FBml0Cv', '2018-07-29 14:06:37', '2018-07-29 14:06:37'),
(3, 1, 6, '505', '515', '0', '+', '505 BDT Added  Your account by hridoy', 'xLqHDQDJ1mRUvErX', '2018-07-29 14:09:18', '2018-07-29 14:09:18'),
(4, 6, 0, '5050', '5150', '0', '+', 'Deposit Via Credit Card', '0lfKxkV2GXY4FDog', '2018-07-29 14:09:18', '2018-07-29 14:09:18'),
(5, 1, 0, '200', '715', '0', '+', 'Deposit Via Credit Card', '6eXqGxoOYjWNrKEf', '2018-07-29 14:12:42', '2018-07-29 14:12:42'),
(6, 1, 6, '10', '725', '0', '+', '10 BDT you got referral bonus  by hridoy', '9ICigPqktzoVE3KG', '2018-07-29 14:13:20', '2018-07-29 14:13:20'),
(7, 6, 0, '100', '5250', '0', '+', 'Deposit Via Credit Card', 'SvSVJnB5wYEdsJrg', '2018-07-29 14:13:20', '2018-07-29 14:13:20');

-- --------------------------------------------------------

--
-- Table structure for table `users`
--

CREATE TABLE `users` (
  `id` int(10) UNSIGNED NOT NULL,
  `name` varchar(191) COLLATE utf8mb4_unicode_ci NOT NULL,
  `username` varchar(191) COLLATE utf8mb4_unicode_ci NOT NULL,
  `email` varchar(191) COLLATE utf8mb4_unicode_ci NOT NULL,
  `phone` varchar(191) COLLATE utf8mb4_unicode_ci DEFAULT NULL,
  `image` varchar(191) COLLATE utf8mb4_unicode_ci DEFAULT NULL,
  `password` varchar(191) COLLATE utf8mb4_unicode_ci NOT NULL,
  `verification_code` varchar(191) COLLATE utf8mb4_unicode_ci DEFAULT NULL,
  `sms_code` varchar(191) COLLATE utf8mb4_unicode_ci DEFAULT NULL,
  `phone_verify` tinyint(4) NOT NULL DEFAULT '0',
  `email_verify` tinyint(4) NOT NULL DEFAULT '0',
  `email_time` datetime DEFAULT NULL,
  `phone_time` datetime DEFAULT NULL,
  `refer` int(11) NOT NULL DEFAULT '0',
  `reference` varchar(191) COLLATE utf8mb4_unicode_ci DEFAULT NULL,
  `balance` varchar(191) COLLATE utf8mb4_unicode_ci NOT NULL DEFAULT '0',
  `status` tinyint(4) NOT NULL DEFAULT '1',
  `login_time` datetime DEFAULT NULL,
  `city` varchar(191) COLLATE utf8mb4_unicode_ci DEFAULT NULL,
  `zip_code` varchar(191) COLLATE utf8mb4_unicode_ci DEFAULT NULL,
  `address` text COLLATE utf8mb4_unicode_ci,
  `country` varchar(191) COLLATE utf8mb4_unicode_ci DEFAULT NULL,
  `remember_token` varchar(100) COLLATE utf8mb4_unicode_ci DEFAULT NULL,
  `created_at` timestamp NULL DEFAULT NULL,
  `updated_at` timestamp NULL DEFAULT NULL
) ENGINE=InnoDB DEFAULT CHARSET=utf8mb4 COLLATE=utf8mb4_unicode_ci;

--
-- Dumping data for table `users`
--

INSERT INTO `users` (`id`, `name`, `username`, `email`, `phone`, `image`, `password`, `verification_code`, `sms_code`, `phone_verify`, `email_verify`, `email_time`, `phone_time`, `refer`, `reference`, `balance`, `status`, `login_time`, `city`, `zip_code`, `address`, `country`, `remember_token`, `created_at`, `updated_at`) VALUES
(1, 'Ronnie Area', 'ronnie', 'ronniarea@gmail.com', '01825683631', '1532867585_ronnie.jpg', '$2y$10$NYFQWg04VTyzmdrJGKVA/eGzhMrrQC9J6U95FHnf9i3xFYLWtYfC.', 'SGOLBP', 'EOGHOK', 1, 1, '2018-07-29 13:18:02', '2018-07-29 13:18:03', 0, 'ronnie', '725', 1, '2018-07-30 10:19:24', 'DHaka', '1230', 'Uttara', 'Armenia', 'ZemhRnV0vw99lmnsXSMClvlpQAVlG5nuJzbQ93QzCskCkk7vSDMUsZ4BC4qN', '2018-07-29 07:16:02', '2018-07-30 14:19:24'),
(2, 'Jamal Uddin', 'jamal', 'jamal@gmail.com', '01820083631', NULL, '$2y$10$HFVnUeVW0.XKNgLGRSdleecqIHDm49xiAP0hd7HI9TzMHGAV6q742', 'EDGYKJ', 'PDIA9F', 1, 1, '2018-07-29 13:22:01', '2018-07-29 13:22:02', 1, NULL, '0', 1, NULL, NULL, NULL, NULL, NULL, 'A2ZCGBT7KrqIDvMNF6xg0fowvzhVkaFG7pFh4om3QRJEeYweER2Jcb2txtkC', '2018-07-29 07:20:01', '2018-07-29 07:20:28'),
(3, 'Hasin', 'hasin', 'hasin@gmail.com', '01946545341', NULL, '$2y$10$9q6P/xZWijy0vZQbxl7zK.a.zTMkzmNn8BRCC0L4ew5PNHnXiJGe6', 'J8TUL2', '8IBZLY', 1, 1, '2018-07-29 13:23:47', '2018-07-29 13:23:48', 2, NULL, '0', 1, NULL, NULL, NULL, NULL, NULL, NULL, '2018-07-29 07:21:47', '2018-07-29 07:21:48'),
(4, 'Sourov', 'sourov', 'sourov@gmail.com', '01825585555', NULL, '$2y$10$FiQ0nNgrKlUhZRBmN3mJJ.3zJr3OuVR.DjqFQLrfOPvcQSjyFOGY.', 'G98LDH', 'ZZIGVL', 1, 1, '2018-07-29 13:24:48', '2018-07-29 13:24:49', 2, NULL, '0', 1, NULL, NULL, NULL, NULL, NULL, 'xulaRDpt3opYj22nqOSLiamNVFjmShxAN1lDFC4wgaVZnSERmM4VJmfhuTsU', '2018-07-29 07:22:48', '2018-07-29 07:22:49'),
(5, 'Ontor Roy', 'ontor', 'ontor@gmail.com', '01558558258', NULL, '$2y$10$HNpo1LrCVOwpzUtq.zjp2ecMOVVtEnAw/Bb7XE2ig72THBo.Oc512', 'QK30VQ', 'HURG6I', 1, 1, '2018-07-29 13:27:10', '2018-07-29 13:27:11', 2, NULL, '0', 1, NULL, NULL, NULL, NULL, NULL, '7S7wgShO3HVzT6Kl0JZhmeNsx2b4zh1AqWBxNKKnw3IXd950ELBVXycdIkzJ', '2018-07-29 07:25:10', '2018-07-29 07:25:11'),
(6, 'hridoy', 'hridoy', 'hridoy@gmail.com', '0182555555454', NULL, '$2y$10$3A7P8VPgSiB8gKrgk3NveO.qAUfJ364ZQ3LW6.rdf4pPYJy3TkoMu', 'VD2H11', 'Y64EFY', 1, 1, '2018-07-29 13:29:08', '2018-07-29 13:29:09', 1, NULL, '5250', 1, '2018-07-30 10:20:06', NULL, NULL, NULL, NULL, NULL, '2018-07-29 07:27:08', '2018-07-30 14:20:06'),
(7, 'pinkalvilsa', 'pinkalvilsa', 'pinkalvilsa@gmail.com', '9784835356', NULL, '$2y$10$FNBXu0AaBbqU2VoBB7SWYuASRpLjlGsBoa.aJHG3JqPDmEC0Rey4e', 'S7JUBV', 'YUTQPA', 1, 1, '2018-12-13 00:40:25', '2018-12-13 00:44:17', 0, NULL, '50000', 1, NULL, NULL, NULL, NULL, NULL, NULL, '2018-12-13 07:38:25', '2018-12-13 07:47:34'),
(8, 'luna', 'brangel84', 'boleum.lee@gmail.com', '4109787844', NULL, '$2y$10$DRxwc87lUjaZX7cj7bzWF.4PI/BQVotN5ns7pxwEBVTN4Qoc.vxRW', 'GBUEW7', 'D7VBOS', 0, 0, '2018-12-13 03:01:56', '2018-12-13 03:01:57', 0, NULL, '0', 1, NULL, NULL, NULL, NULL, NULL, NULL, '2018-12-13 09:59:56', '2018-12-13 09:59:57'),
(9, 'Azhar ullah Khan', 'azharrrkhann', 'khanazhar70@gmail.com', '9713321212', NULL, '$2y$10$HWI/Uyfr44ycylJ5Arc5/.cSYdct7.aeCxV.MBplXFxvwJ7c1s/6S', 'WS1IEA', 'P9LRHO', 0, 0, '2019-01-29 20:53:50', '2019-01-29 20:53:51', 0, NULL, '0', 1, NULL, NULL, NULL, NULL, NULL, NULL, '2019-01-30 03:51:50', '2019-01-30 03:51:51');

-- --------------------------------------------------------

--
-- Table structure for table `user_logins`
--

CREATE TABLE `user_logins` (
  `id` int(10) UNSIGNED NOT NULL,
  `user_id` int(11) DEFAULT NULL,
  `user_ip` varchar(191) COLLATE utf8mb4_unicode_ci DEFAULT NULL,
  `location` varchar(191) COLLATE utf8mb4_unicode_ci DEFAULT NULL,
  `details` varchar(191) COLLATE utf8mb4_unicode_ci DEFAULT NULL,
  `created_at` timestamp NULL DEFAULT NULL,
  `updated_at` timestamp NULL DEFAULT NULL
) ENGINE=InnoDB DEFAULT CHARSET=utf8mb4 COLLATE=utf8mb4_unicode_ci;

--
-- Dumping data for table `user_logins`
--

INSERT INTO `user_logins` (`id`, `user_id`, `user_ip`, `location`, `details`, `created_at`, `updated_at`) VALUES
(1, 1, '::1', NULL, NULL, '2018-07-29 07:26:15', '2018-07-29 07:26:15'),
(2, 1, '::1', NULL, NULL, '2018-07-29 12:15:20', '2018-07-29 12:15:20'),
(3, 6, '::1', NULL, NULL, '2018-07-29 13:48:24', '2018-07-29 13:48:24'),
(4, 1, '59.152.98.98', NULL, NULL, '2018-07-30 14:19:24', '2018-07-30 14:19:24'),
(5, 6, '59.152.98.98', NULL, NULL, '2018-07-30 14:20:06', '2018-07-30 14:20:06');

-- --------------------------------------------------------

--
-- Table structure for table `withdraw_logs`
--

CREATE TABLE `withdraw_logs` (
  `id` int(10) UNSIGNED NOT NULL,
  `user_id` int(11) NOT NULL,
  `method_id` int(11) NOT NULL,
  `transaction_id` varchar(191) COLLATE utf8mb4_unicode_ci NOT NULL,
  `amount` varchar(191) COLLATE utf8mb4_unicode_ci NOT NULL,
  `charge` varchar(191) COLLATE utf8mb4_unicode_ci NOT NULL,
  `net_amount` varchar(191) COLLATE utf8mb4_unicode_ci NOT NULL,
  `send_details` text COLLATE utf8mb4_unicode_ci,
  `message` text COLLATE utf8mb4_unicode_ci,
  `status` tinyint(1) NOT NULL DEFAULT '0',
  `created_at` timestamp NULL DEFAULT NULL,
  `updated_at` timestamp NULL DEFAULT NULL
) ENGINE=InnoDB DEFAULT CHARSET=utf8mb4 COLLATE=utf8mb4_unicode_ci;

--
-- Dumping data for table `withdraw_logs`
--

INSERT INTO `withdraw_logs` (`id`, `user_id`, `method_id`, `transaction_id`, `amount`, `charge`, `net_amount`, `send_details`, `message`, `status`, `created_at`, `updated_at`) VALUES
(1, 1, 3, 'WDAZVIMTK3IBQWGPYJNX', '50', '50', '100', NULL, NULL, 0, '2018-07-29 12:37:13', '2018-07-29 12:37:13'),
(2, 1, 3, '58VCEMWOZQT2DUNOL1XD', '50', '50', '100', NULL, NULL, 0, '2018-07-29 12:38:57', '2018-07-29 12:38:57'),
(3, 1, 3, 'OHPAYED4IX2VLA0YD7YD', '50', '50', '100', NULL, NULL, 0, '2018-07-29 12:39:49', '2018-07-29 12:39:49'),
(4, 1, 3, 'P9ALBY7EYLN3PV7LWLSO', '50', '50', '100', NULL, NULL, 0, '2018-07-29 12:40:10', '2018-07-29 12:40:10'),
(5, 1, 3, 'G0BIO4QAF3TM43GQ7DLB', '50', '50', '100', NULL, NULL, 0, '2018-07-29 12:40:14', '2018-07-29 12:40:14'),
(6, 1, 3, 'GCFBCFWASDNLMJVCWUXY', '50', '50', '100', NULL, NULL, 0, '2018-07-29 12:40:32', '2018-07-29 12:40:32'),
(7, 1, 3, '8V01PQ9W7QJLBGLQQNBV', '50', '50', '100', NULL, NULL, 0, '2018-07-29 12:41:17', '2018-07-29 12:41:17'),
(8, 1, 3, 'ZM3UEVU5AHO7IN0GMGII', '50', '50', '100', NULL, NULL, 0, '2018-07-29 12:41:30', '2018-07-29 12:41:30');

-- --------------------------------------------------------

--
-- Table structure for table `withdraw_methods`
--

CREATE TABLE `withdraw_methods` (
  `id` int(10) UNSIGNED NOT NULL,
  `name` varchar(191) COLLATE utf8mb4_unicode_ci NOT NULL,
  `image` varchar(191) COLLATE utf8mb4_unicode_ci DEFAULT NULL,
  `withdraw_min` varchar(100) COLLATE utf8mb4_unicode_ci NOT NULL,
  `withdraw_max` varchar(100) COLLATE utf8mb4_unicode_ci NOT NULL,
  `fix` varchar(191) COLLATE utf8mb4_unicode_ci NOT NULL,
  `percent` varchar(191) COLLATE utf8mb4_unicode_ci NOT NULL,
  `duration` varchar(191) COLLATE utf8mb4_unicode_ci NOT NULL,
  `status` tinyint(1) NOT NULL,
  `created_at` timestamp NULL DEFAULT NULL,
  `updated_at` timestamp NULL DEFAULT NULL
) ENGINE=InnoDB DEFAULT CHARSET=utf8mb4 COLLATE=utf8mb4_unicode_ci;

--
-- Dumping data for table `withdraw_methods`
--

INSERT INTO `withdraw_methods` (`id`, `name`, `image`, `withdraw_min`, `withdraw_max`, `fix`, `percent`, `duration`, `status`, `created_at`, `updated_at`) VALUES
(1, 'PayPal', '5b13d494ef74c.jpg', '500', '25000', '25', '2.25', '2', 1, '2017-07-28 09:09:41', '2018-06-03 21:44:20'),
(2, 'Perfect Money', '5b13d4a81a53a.jpg', '100', '20000', '25', '2.30', '2', 1, '2017-07-28 09:10:00', '2018-06-03 21:44:40'),
(3, 'Skrill', '5b13d4d7f25fb.jpg', '50', '20000', '50', '0', '2', 1, '2017-08-09 15:06:21', '2018-06-03 21:45:27'),
(4, 'BitCoin', '5b13d598de508.jpg', '500', '7050000', '1', '1.5', '1', 1, '2018-03-12 07:43:54', '2018-06-03 21:49:00'),
(5, 'Ethereum', '5b5d944e32041.jpg', '250', '10000', '10', '1.5', '1', 1, '2018-03-13 00:16:14', '2018-07-29 10:17:50'),
(6, 'LiteCoin', '5b13da5678c33.jpg', '250', '10000', '20', '2.1', '1', 1, '2018-03-13 00:16:14', '2018-06-03 22:08:54'),
(7, 'Dash', '5b13da070dc58.jpg', '250', '10000', '20', '2.1', '1', 1, '2018-03-13 00:16:14', '2018-06-03 22:07:35'),
(8, 'BitCoin Cash', '5b13db056c9ab.jpg', '200', '10000', '20', '2.1', '1', 1, '2018-03-13 00:16:14', '2018-06-03 22:11:49');

--
-- Indexes for dumped tables
--

--
-- Indexes for table `admins`
--
ALTER TABLE `admins`
  ADD PRIMARY KEY (`id`),
  ADD UNIQUE KEY `admins_email_unique` (`email`);

--
-- Indexes for table `admin_password_resets`
--
ALTER TABLE `admin_password_resets`
  ADD KEY `admin_password_resets_email_index` (`email`),
  ADD KEY `admin_password_resets_token_index` (`token`);

--
-- Indexes for table `ads`
--
ALTER TABLE `ads`
  ADD PRIMARY KEY (`id`);

--
-- Indexes for table `basic_settings`
--
ALTER TABLE `basic_settings`
  ADD PRIMARY KEY (`id`);

--
-- Indexes for table `bet_invests`
--
ALTER TABLE `bet_invests`
  ADD PRIMARY KEY (`id`);

--
-- Indexes for table `bet_options`
--
ALTER TABLE `bet_options`
  ADD PRIMARY KEY (`id`);

--
-- Indexes for table `bet_questions`
--
ALTER TABLE `bet_questions`
  ADD PRIMARY KEY (`id`);

--
-- Indexes for table `deposits`
--
ALTER TABLE `deposits`
  ADD PRIMARY KEY (`id`);

--
-- Indexes for table `etemplates`
--
ALTER TABLE `etemplates`
  ADD PRIMARY KEY (`id`);

--
-- Indexes for table `events`
--
ALTER TABLE `events`
  ADD PRIMARY KEY (`id`);

--
-- Indexes for table `faqs`
--
ALTER TABLE `faqs`
  ADD PRIMARY KEY (`id`);

--
-- Indexes for table `gateways`
--
ALTER TABLE `gateways`
  ADD PRIMARY KEY (`id`);

--
-- Indexes for table `matches`
--
ALTER TABLE `matches`
  ADD PRIMARY KEY (`id`);

--
-- Indexes for table `menus`
--
ALTER TABLE `menus`
  ADD PRIMARY KEY (`id`);

--
-- Indexes for table `migrations`
--
ALTER TABLE `migrations`
  ADD PRIMARY KEY (`id`);

--
-- Indexes for table `password_resets`
--
ALTER TABLE `password_resets`
  ADD PRIMARY KEY (`id`),
  ADD KEY `password_resets_email_index` (`email`);

--
-- Indexes for table `services`
--
ALTER TABLE `services`
  ADD PRIMARY KEY (`id`);

--
-- Indexes for table `sliders`
--
ALTER TABLE `sliders`
  ADD PRIMARY KEY (`id`);

--
-- Indexes for table `soccers`
--
ALTER TABLE `soccers`
  ADD PRIMARY KEY (`id`);

--
-- Indexes for table `socials`
--
ALTER TABLE `socials`
  ADD PRIMARY KEY (`id`);

--
-- Indexes for table `tournament_lists`
--
ALTER TABLE `tournament_lists`
  ADD PRIMARY KEY (`id`);

--
-- Indexes for table `trxes`
--
ALTER TABLE `trxes`
  ADD PRIMARY KEY (`id`);

--
-- Indexes for table `users`
--
ALTER TABLE `users`
  ADD PRIMARY KEY (`id`),
  ADD UNIQUE KEY `users_email_unique` (`email`);

--
-- Indexes for table `user_logins`
--
ALTER TABLE `user_logins`
  ADD PRIMARY KEY (`id`);

--
-- Indexes for table `withdraw_logs`
--
ALTER TABLE `withdraw_logs`
  ADD PRIMARY KEY (`id`);

--
-- Indexes for table `withdraw_methods`
--
ALTER TABLE `withdraw_methods`
  ADD PRIMARY KEY (`id`);

--
-- AUTO_INCREMENT for dumped tables
--

--
-- AUTO_INCREMENT for table `admins`
--
ALTER TABLE `admins`
  MODIFY `id` int(10) UNSIGNED NOT NULL AUTO_INCREMENT, AUTO_INCREMENT=3;

--
-- AUTO_INCREMENT for table `ads`
--
ALTER TABLE `ads`
  MODIFY `id` int(10) UNSIGNED NOT NULL AUTO_INCREMENT, AUTO_INCREMENT=25;

--
-- AUTO_INCREMENT for table `basic_settings`
--
ALTER TABLE `basic_settings`
  MODIFY `id` int(10) UNSIGNED NOT NULL AUTO_INCREMENT, AUTO_INCREMENT=2;

--
-- AUTO_INCREMENT for table `bet_invests`
--
ALTER TABLE `bet_invests`
  MODIFY `id` int(10) UNSIGNED NOT NULL AUTO_INCREMENT, AUTO_INCREMENT=2;

--
-- AUTO_INCREMENT for table `bet_options`
--
ALTER TABLE `bet_options`
  MODIFY `id` int(10) UNSIGNED NOT NULL AUTO_INCREMENT, AUTO_INCREMENT=44;

--
-- AUTO_INCREMENT for table `bet_questions`
--
ALTER TABLE `bet_questions`
  MODIFY `id` int(10) UNSIGNED NOT NULL AUTO_INCREMENT, AUTO_INCREMENT=21;

--
-- AUTO_INCREMENT for table `deposits`
--
ALTER TABLE `deposits`
  MODIFY `id` int(10) UNSIGNED NOT NULL AUTO_INCREMENT, AUTO_INCREMENT=5;

--
-- AUTO_INCREMENT for table `etemplates`
--
ALTER TABLE `etemplates`
  MODIFY `id` int(10) UNSIGNED NOT NULL AUTO_INCREMENT, AUTO_INCREMENT=2;

--
-- AUTO_INCREMENT for table `events`
--
ALTER TABLE `events`
  MODIFY `id` int(10) UNSIGNED NOT NULL AUTO_INCREMENT, AUTO_INCREMENT=6;

--
-- AUTO_INCREMENT for table `faqs`
--
ALTER TABLE `faqs`
  MODIFY `id` int(10) UNSIGNED NOT NULL AUTO_INCREMENT, AUTO_INCREMENT=8;

--
-- AUTO_INCREMENT for table `gateways`
--
ALTER TABLE `gateways`
  MODIFY `id` int(10) UNSIGNED NOT NULL AUTO_INCREMENT, AUTO_INCREMENT=514;

--
-- AUTO_INCREMENT for table `matches`
--
ALTER TABLE `matches`
  MODIFY `id` int(10) UNSIGNED NOT NULL AUTO_INCREMENT, AUTO_INCREMENT=21;

--
-- AUTO_INCREMENT for table `menus`
--
ALTER TABLE `menus`
  MODIFY `id` int(11) NOT NULL AUTO_INCREMENT, AUTO_INCREMENT=2;

--
-- AUTO_INCREMENT for table `migrations`
--
ALTER TABLE `migrations`
  MODIFY `id` int(10) UNSIGNED NOT NULL AUTO_INCREMENT, AUTO_INCREMENT=10;

--
-- AUTO_INCREMENT for table `password_resets`
--
ALTER TABLE `password_resets`
  MODIFY `id` int(11) NOT NULL AUTO_INCREMENT, AUTO_INCREMENT=9;

--
-- AUTO_INCREMENT for table `services`
--
ALTER TABLE `services`
  MODIFY `id` int(10) UNSIGNED NOT NULL AUTO_INCREMENT, AUTO_INCREMENT=5;

--
-- AUTO_INCREMENT for table `sliders`
--
ALTER TABLE `sliders`
  MODIFY `id` int(10) UNSIGNED NOT NULL AUTO_INCREMENT, AUTO_INCREMENT=5;

--
-- AUTO_INCREMENT for table `soccers`
--
ALTER TABLE `soccers`
  MODIFY `id` int(10) UNSIGNED NOT NULL AUTO_INCREMENT, AUTO_INCREMENT=2997;

--
-- AUTO_INCREMENT for table `socials`
--
ALTER TABLE `socials`
  MODIFY `id` int(10) UNSIGNED NOT NULL AUTO_INCREMENT, AUTO_INCREMENT=9;

--
-- AUTO_INCREMENT for table `tournament_lists`
--
ALTER TABLE `tournament_lists`
  MODIFY `id` int(11) NOT NULL AUTO_INCREMENT, AUTO_INCREMENT=103;

--
-- AUTO_INCREMENT for table `trxes`
--
ALTER TABLE `trxes`
  MODIFY `id` int(10) UNSIGNED NOT NULL AUTO_INCREMENT, AUTO_INCREMENT=8;

--
-- AUTO_INCREMENT for table `users`
--
ALTER TABLE `users`
  MODIFY `id` int(10) UNSIGNED NOT NULL AUTO_INCREMENT, AUTO_INCREMENT=10;

--
-- AUTO_INCREMENT for table `user_logins`
--
ALTER TABLE `user_logins`
  MODIFY `id` int(10) UNSIGNED NOT NULL AUTO_INCREMENT, AUTO_INCREMENT=6;

--
-- AUTO_INCREMENT for table `withdraw_logs`
--
ALTER TABLE `withdraw_logs`
  MODIFY `id` int(10) UNSIGNED NOT NULL AUTO_INCREMENT, AUTO_INCREMENT=9;

--
-- AUTO_INCREMENT for table `withdraw_methods`
--
ALTER TABLE `withdraw_methods`
  MODIFY `id` int(10) UNSIGNED NOT NULL AUTO_INCREMENT, AUTO_INCREMENT=9;
COMMIT;

/*!40101 SET CHARACTER_SET_CLIENT=@OLD_CHARACTER_SET_CLIENT */;
/*!40101 SET CHARACTER_SET_RESULTS=@OLD_CHARACTER_SET_RESULTS */;
/*!40101 SET COLLATION_CONNECTION=@OLD_COLLATION_CONNECTION */;
